mack,nam,quy,eps,roe,roa,pb,pe,lnst_yoy,nophaitra_vcsh,vonhoa_tts
ACB,2020,1,924.4112231,0.05376405,0.00398763,1.043270432,19.25549967,0.125313258,12.17119698,0.076399135
ACB,2020,2,915.15059,0.050515721,0.003880998,1.27369912,24.91393247,-0.007234089,11.86827626,0.095549878
ACB,2020,3,959.7575261,0.065083169,0.005087798,1.527550518,23.44342127,0.339114337,11.72057845,0.116143907
ACB,2020,4,1179.492966,0.074583882,0.005906653,1.766599342,23.82379616,0.632132658,11.54028605,0.136638199
ACB,2021,1,1148.893748,0.067688353,0.005555428,1.952089682,28.98440353,0.615689895,10.85137393,0.160128004
ACB,2021,2,1197.393014,0.06610264,0.005621769,1.96330372,29.81477224,0.70093418,10.67094053,0.163742115
ACB,2021,3,778.1848287,0.050748771,0.004423838,2.05818226,40.54306745,0.013517487,10.28225017,0.177852921
ACB,2021,4,898.7941043,0.055581924,0.004822851,2.127108865,38.38476447,-0.047478313,10.75410378,0.176624701
ACB,2022,1,1216.727675,0.07062052,0.006223997,1.893269169,27.1630215,0.323803526,9.966802399,0.168924007
ACB,2022,2,1459.372235,0.078651102,0.00735406,1.270449557,16.44542731,0.523489173,9.443214464,0.119261309
ACB,2022,3,1062.046168,0.066548546,0.006493172,1.371581218,20.90304609,0.705967093,9.067577504,0.133625424
ACB,2022,4,849.9106334,0.050283484,0.004911112,1.290694052,25.767415,0.182015199,9.401935188,0.121679303
ACB,2023,1,1224.310426,0.068365199,0.006783748,1.375855201,20.41965784,0.257790107,8.77485863,0.138142388
ACB,2023,2,1144.610005,0.061657541,0.00622461,1.207483627,19.26420344,-0.019604134,9.035334175,0.118042875
ACB,2023,3,1195.45717,0.062263892,0.00631166,1.126513023,18.27752641,0.125616951,8.704558674,0.113794643
ACB,2023,4,1031.469376,0.058154197,0.005860112,1.335455486,23.17082848,0.395664128,9.130150855,0.129145106
ACB,2024,1,1005.501639,0.053591871,0.00540134,1.509055623,28.34406121,-0.055528027,8.724439761,0.152200941
ACB,2024,2,1000.432558,0.059747134,0.005970153,1.451351203,23.78970957,0.155915161,9.290829538,0.138117968
ACB,2024,3,866.5080418,0.050380372,0.005003511,1.488010211,29.71697752,-0.041406992,8.858603862,0.14795149
ACB,2024,4,1017.620801,0.056006379,0.005538404,1.417960362,25.35325534,0.134560024,9.352124756,0.133378488
ACB,2025,1,823.4940023,0.043137642,0.004190132,1.367693831,31.57278611,-0.058163541,9.240354805,0.130241582
ACB,2025,2,950.2599416,0.056013463,0.005348582,1.286618526,22.4149194,0.092326439,9.704445441,0.117199712
ACB,2025,3,833.3414776,0.047927915,0.00454876,1.468040891,30.59970095,0.105982464,9.376240091,0.138089565
ANV,2020,1,341.070077,0.018008373,0.010440778,0.732122888,36.79595733,-0.783547447,0.717018501,0.382478533
ANV,2020,2,252.7699851,0.01349083,0.007873496,1.018002414,66.06797083,-0.790283736,0.709733509,0.531923055
ANV,2020,3,314.8256004,0.016999014,0.009607797,1.144843005,60.82732782,-0.738084099,0.827849841,0.560926908
ANV,2020,4,679.7339722,0.036707641,0.018838262,1.517105022,36.63197813,-0.562896034,1.071392842,0.654826629
ANV,2021,1,501.8543963,0.026968013,0.01321204,1.344363645,45.33187348,0.471411391,1.011753287,0.599569076
ANV,2021,2,186.7549286,0.009852803,0.004812134,1.998242559,183.1276971,-0.261166516,1.082879201,0.86201637
ANV,2021,3,-103.5905186,-0.005453258,-0.002667922,1.683552448,-276.5697131,-1.329040962,1.004926852,0.754306605
ANV,2021,4,420.9026847,0.02256278,0.011015675,2.025056189,79.11567497,-0.380783215,1.092925051,0.866353676
ANV,2022,1,1625.37092,0.084737494,0.041387766,2.419585286,26.91693291,2.238730061,1.005599067,1.090843255
ANV,2022,2,1893.270881,0.090397048,0.04517826,2.77556521,27.99388113,9.137729135,0.996601773,1.212626691
ANV,2022,3,943.1585665,0.04217654,0.021310328,1.955111596,41.5624704,NULL,0.96243793,0.874808691
ANV,2022,4,837.9439597,0.036828312,0.019083458,1.133112427,26.91110752,0.990825885,0.897039579,0.524307872
ANV,2023,1,726.5964723,0.031225418,0.016523304,1.437761317,41.77008994,-0.552965749,0.882885055,0.675359856
ANV,2023,2,-401.5190352,-0.016965827,-0.009119896,1.730340236,-89.28592884,-1.212076908,0.837347058,0.831508434
ANV,2023,3,8.172803384,0.000348228,0.00019168,1.735976471,4404.853305,-0.991334645,0.7961011,0.853864947
ANV,2023,4,-23.83985935,-0.001088385,-0.000606109,1.655170213,-1304.537898,-1.029793185,0.795263108,0.809807168
ANV,2024,1,126.9673936,0.005917723,0.003322401,1.835996802,273.6923159,-0.817010095,0.767136923,0.913826819
ANV,2024,2,-17.18040327,-0.000800985,-0.000458604,1.715135772,-1877.138708,NULL,0.725874135,0.874033187
ANV,2024,3,209.39414,0.009773589,0.00563135,1.769426968,159.7465908,25.83006252,0.745220516,0.892728786
ANV,2024,4,20.05691154,0.001888719,0.001084264,2.14562554,987.1908723,NULL,0.738578057,1.084239108
ANV,2025,1,495.825084,0.046115971,0.027521905,1.690769022,33.17702257,6.810274273,0.615479695,0.925735691
ANV,2025,2,1249.974479,0.107528388,0.067363829,1.925410165,16.92034546,NULL,0.578950875,1.093503818
ANV,2025,3,1063.180097,0.083220528,0.05250432,2.395820189,27.13557194,9.154821878,0.590614034,1.36359747
BCM,2020,1,300.1715435,0.021390684,0.007591474,1.160620135,55.30171118,-0.4582043,1.742450896,0.390259947
BCM,2020,2,278.2827603,0.020021673,0.007202154,1.892121664,95.58623026,-0.476656711,1.818152136,0.619762571
BCM,2020,3,565.7965802,0.039437085,0.013855729,2.800140848,71.58049627,0.199452069,1.873549456,0.898121631
BCM,2020,4,747.599743,0.052573531,0.018275887,2.761751054,55.10970327,-0.063461112,1.879681016,0.884857002
BCM,2021,1,441.1580387,0.027713053,0.009896815,3.685697862,130.3387788,0.408381048,1.722108243,1.283560418
BCM,2021,2,466.5520663,0.030980298,0.010960466,3.676723873,116.6000623,0.631663501,1.93425338,1.161759384
BCM,2021,3,46.93313785,0.003067003,0.001040956,3.055182406,950.288049,-0.920233926,1.95856545,0.956638885
BCM,2021,4,275.0635687,0.020042056,0.006847248,4.269622661,232.6734882,-0.617618226,1.896343219,1.36394499
BCM,2022,1,410.2176926,0.022802704,0.007974815,4.634170738,178.9293863,-0.164267263,1.823945501,1.534605967
BCM,2022,2,916.8500379,0.056481624,0.020412508,4.027167245,73.07629081,0.952870461,1.712787259,1.388745839
BCM,2022,3,196.4002124,0.014009235,0.005227012,5.403401805,461.3029634,4.148234813,1.647859637,1.904829098
BCM,2022,4,104.5928495,0.002696201,0.001010181,4.971783603,770.6071721,-0.851403478,1.690957482,1.727515714
BCM,2023,1,88.41895441,0.00414548,0.001536485,5.102331483,937.5817725,-0.80967083,1.705091988,1.765852319
BCM,2023,2,133.9288379,0.001759904,0.000648644,4.850653322,591.3588235,-0.968874025,1.721325779,1.679356965
BCM,2023,3,210.0208311,0.012009538,0.004388712,4.246409642,330.9195551,-0.167963673,1.751564201,1.454527768
BCM,2023,4,1908.857383,0.104600835,0.038073061,3.534036336,32.9516498,38.76110529,1.743501327,1.218583773
BCM,2024,1,114.121842,0.006114819,0.002218504,3.634964518,568.6904354,0.602075072,1.769024183,1.242328068
BCM,2024,2,264.1121263,0.014623391,0.005274166,3.535336087,241.5640693,8.088922628,1.776226678,1.204852316
BCM,2024,3,332.7487711,0.018236356,0.00664577,3.823828548,210.9699752,0.683510655,1.712411595,1.334596246
BCM,2024,4,1402.148825,0.079787414,0.028716731,3.770755401,50.56524581,-0.169910582,1.842506326,1.248393229
BCM,2025,1,346.1504235,0.017522755,0.006191636,3.904766954,216.0910255,2.065827405,1.817846612,1.305511278
BCM,2025,2,1425.736657,0.069257161,0.025338373,3.15268952,45.02935354,4.158265016,1.651377965,1.153654206
BCM,2025,3,401.6265211,0.019282119,0.007296417,3.230191037,166.5726651,0.163548168,1.634131609,1.190084162
BID,2020,1,350.4029534,0.018409786,0.000983959,1.727454815,88.04149536,-0.286594403,17.24216629,0.085805999
BID,2020,2,493.0465205,0.025778272,0.001416475,2.109584534,76.86901423,0.172964275,17.15581285,0.10541509
BID,2020,3,524.2042624,0.026992455,0.00149223,2.216096473,77.83225534,0.160012976,17.02299714,0.111798386
BID,2020,4,371.9262284,0.019328198,0.001043236,2.670113935,128.7889811,-0.463667527,18.04268963,0.127023458
BID,2021,1,658.4100254,0.033617943,0.001769777,2.309552412,65.23290707,0.884131225,17.94997551,0.110813439
BID,2021,2,909.6707085,0.04483106,0.002336091,2.463720568,51.94187255,0.825516786,18.42478802,0.11571338
BID,2021,3,509.2010975,0.024885459,0.001275041,2.020794172,77.47430278,-0.023802876,18.60837731,0.094071658
BID,2021,4,431.9979555,0.026205707,0.001309743,2.383675307,85.88003607,0.450599449,19.4067609,0.106528792
BID,2022,1,705.9688023,0.041297975,0.002015662,2.674394439,61.61745371,0.336620567,19.56713295,0.119091442
BID,2022,2,1019.637188,0.056593045,0.002717345,1.956066332,32.85482365,0.390583484,20.07479297,0.08561672
BID,2022,3,1043.378699,0.054959563,0.002658344,1.865452496,32.49060003,1.522825065,19.30172405,0.083693467
BID,2022,4,820.6993089,0.041230343,0.002028262,2.054672637,47.0330602,0.87246711,19.35329193,0.092076844
BID,2023,1,1081.042652,0.05194432,0.002629959,2.322312821,42.73651916,0.528189374,18.17973644,0.110924929
BID,2023,2,1072.671435,0.049552093,0.002623024,2.09051206,40.41312054,0.067351266,17.61355262,0.103205171
BID,2023,3,905.9718144,0.040541464,0.002220927,2.043989044,48.9529578,-0.116972331,16.90992777,0.105185573
BID,2023,4,1057.361947,0.050756008,0.002769829,2.185387826,41.04554749,0.452135305,17.72651572,0.107524134
BID,2024,1,1019.684828,0.046970526,0.002555547,2.489333638,51.09421909,0.064136602,17.0496809,0.127534156
BID,2024,2,1116.748633,0.049505499,0.002692138,1.978746034,38.7285005,0.176281213,17.7137945,0.097793286
BID,2024,3,903.670893,0.038174876,0.002045836,2.209512721,54.99789845,0.102778697,17.6072499,0.109982036
BID,2024,4,1132.308766,0.056088946,0.002977988,1.927720442,33.16233269,0.294136567,18.05162273,0.093814279
BID,2025,1,831.8005921,0.039593864,0.002120479,1.872662894,46.58568456,0.006708219,17.31940574,0.095261626
BID,2025,2,962.0642092,0.043297192,0.00235926,1.675194028,37.73136933,0.056680212,17.38327157,0.085195773
BID,2025,3,847.8360851,0.036809604,0.002007684,1.784519061,47.17893081,0.167446574,17.28698449,0.09142487
BMP,2020,1,1250.51804,0.04061491,0.03530646,1.088202029,27.1487487,0.123918392,0.146714638,0.94242959
BMP,2020,2,1908.759989,0.06235527,0.052476511,1.752352064,27.19042744,0.334144663,0.232027816,1.413271559
BMP,2020,3,1870.754322,0.063625179,0.049001542,2.123811589,32.55371338,0.272648393,0.36706837,1.544765503
BMP,2020,4,1354.672058,0.045897293,0.03551728,2.082836268,46.21044601,0.17272963,0.220793366,1.698365803
BMP,2021,1,1025.623367,0.034526961,0.028442639,2.003703904,56.8434787,-0.179841207,0.206808166,1.65344291
BMP,2021,2,511.0266371,0.017805203,0.014796065,2.114659894,116.0409178,-0.732272973,0.199814391,1.753594346
BMP,2021,3,-317.0927941,-0.011314225,-0.009747507,1.903070696,-166.5127716,-1.169963308,0.121201106,1.689867575
BMP,2021,4,1398.097648,0.050036544,0.042354657,2.14683358,42.84393159,0.032056165,0.241221901,1.72257356
BMP,2022,1,1556.876202,0.054068364,0.044429336,2.08369683,39.43794626,0.517980433,0.193960473,1.738898843
BMP,2022,2,1774.272519,0.059594069,0.049795193,1.931568025,32.52037067,2.471976587,0.199569185,1.604868485
BMP,2022,3,2139.450141,0.068922468,0.058303614,1.798947958,26.92280549,NULL,0.165853279,1.538590392
BMP,2022,4,3010.476279,0.093882675,0.080675698,1.878893873,19.93040119,1.153266106,0.161549759,1.613133603
BMP,2023,1,3429.538864,0.101657008,0.086709532,1.65122352,17.02852841,1.202833378,0.182173204,1.393482394
BMP,2023,2,3598.88866,0.104134358,0.084693045,2.750876532,25.67459255,1.028374233,0.279435175,2.144983816
BMP,2023,3,2550.546707,0.072989065,0.059621933,2.379397244,33.71826118,0.192150571,0.172851034,2.024478173
BMP,2023,4,3137.791038,0.090849347,0.076305691,3.181320003,33.23994451,0.042290571,0.210159444,2.623070169
BMP,2024,1,2319.483068,0.068185924,0.056200164,3.133688836,47.42435999,-0.323674943,0.216173775,2.571230394
BMP,2024,2,3424.105833,0.10136354,0.085103604,3.095653586,29.20470479,-0.048565778,0.163781558,2.653361655
BMP,2024,3,3538.084455,0.103594642,0.087782279,3.308852542,33.52096354,0.387186694,0.194871289,2.763125433
BMP,2024,4,2821.311943,0.08186529,0.068796429,3.981613028,46.46774361,-0.100860475,0.18462321,3.353221627
BMP,2025,1,3504.853775,0.100841859,0.083917123,3.274503116,34.03850992,0.511049519,0.217106798,2.684845675
BMP,2025,2,4030.009127,0.114029278,0.092107521,4.114148334,34.81381693,0.176952269,0.260323225,3.257333457
BMP,2025,3,4282.640956,0.117924795,0.093528555,3.735710238,33.48401173,0.210440568,0.261304324,2.956257047
BSI,2020,1,-499.5156107,-0.045071472,-0.025582609,0.742187446,-16.01551549,-2.771471153,0.834998365,0.403338861
BSI,2020,2,767.7697151,0.068870471,0.044095487,0.698168492,10.41979104,3.637950559,0.304823421,0.533738514
BSI,2020,3,561.96301,0.047766904,0.034281434,0.726575563,15.53483031,0.139744092,0.477844405,0.490541607
BSI,2020,4,218.4385966,0.017972477,0.01044561,1.017134567,56.99542203,NULL,0.958886626,0.518159646
BSI,2021,1,503.2010255,0.040292752,0.017816418,1.158632237,29.21297703,NULL,1.553606797,0.452865108
BSI,2021,2,957.1300826,0.075422851,0.026906878,1.779574198,23.50777643,0.246636881,2.053443488,0.581637329
BSI,2021,3,858.8023914,0.065567577,0.021160211,1.984818768,31.20624752,0.528218656,2.140942156,0.630773161
BSI,2021,4,616.5229817,0.044564101,0.013420109,3.003011348,68.772781,1.822408521,2.492632121,0.858422433
BSI,2022,1,685.1565549,0.047303551,0.013319663,2.526135863,54.58606465,0.361595307,2.607469684,0.699248343
BSI,2022,2,-49.06406504,-0.003420761,-0.000962759,1.617201926,-455.5268705,-1.05126162,2.494898928,0.461415893
BSI,2022,3,100.3614384,0.006229451,0.002855568,1.293010076,298.9195898,-0.81995375,0.672809337,0.772154271
BSI,2022,4,86.72023592,0.003726854,0.002523841,0.747741865,200.6452106,-0.783288665,0.281237453,0.582553298
BSI,2023,1,521.5566226,0.022125155,0.016198414,0.972950241,44.38635998,0.172795607,0.44867823,0.670480079
BSI,2023,2,659.9061929,0.027367316,0.016992455,1.338395432,49.3251925,NULL,0.768740897,0.754487761
BSI,2023,3,606.5410816,0.02677133,0.014855394,1.808945266,67.5964106,5.526818609,0.835305355,0.982904502
BSI,2023,4,317.4965455,0.013872784,0.007681095,2.061548328,149.607927,2.96379387,0.777426909,1.156829227
BSI,2024,1,676.33057,0.028854897,0.014520142,2.66578571,93.44542862,0.403944894,1.191074258,1.213120392
BSI,2024,2,566.0219696,0.02359998,0.011240472,2.10570493,89.74916651,-0.071337372,1.009600865,1.044958524
BSI,2024,3,313.8542089,0.014170213,0.006870306,2.233871308,158.3537789,-0.429384858,1.114714725,1.053626895
BSI,2024,4,408.5648663,0.018158987,0.008747432,2.145925864,118.9529595,0.415511038,1.037790814,1.050963795
BSI,2025,1,363.6455844,0.015906317,0.006949171,2.493018341,157.5710044,-0.408560198,1.536429326,0.980905364
BSI,2025,2,415.2970013,0.019684113,0.007310542,1.934674589,98.84492271,-0.112214652,1.846334973,0.678391091
BSI,2025,3,878.6406695,0.040488931,0.013684719,2.119913445,53.32100098,2.079459975,2.066576638,0.68997389
BVH,2020,1,160.8073021,0.005389558,0.000820297,1.500287133,230.0890539,-0.740253551,5.663394428,0.205999007
BVH,2020,2,684.4444811,0.026757106,0.003996102,1.799395489,66.47726916,1.102049883,5.727450754,0.245037794
BVH,2020,3,620.4214596,0.022860529,0.003347303,1.882024884,78.49502826,0.294193958,5.929520623,0.249385232
BVH,2020,4,615.0576469,0.022766658,0.003247629,2.567014408,107.3070148,3.472820178,6.091545431,0.332646405
BVH,2021,1,631.9790194,0.023735784,0.003395044,2.260747337,94.3069282,3.649892016,5.893409823,0.301783059
BVH,2021,2,593.2908214,0.021601517,0.003141351,2.170709341,98.43401902,-0.142766947,5.859965461,0.290751706
BVH,2021,3,603.5729889,0.02157442,0.00301321,2.126574127,96.75714632,0.000332645,6.454223803,0.262485999
BVH,2021,4,706.6183137,0.02499174,0.003298849,2.056264042,79.25070567,0.1630554,6.698363067,0.245307731
BVH,2022,1,647.8924423,0.022932241,0.00289262,2.202133525,94.92316314,0.023926836,7.151983188,0.248484885
BVH,2022,2,433.5952686,0.014574752,0.001752399,1.856836101,121.080657,-0.288751486,7.480214917,0.201619223
BVH,2022,3,520.043477,0.017851223,0.002135841,1.859242723,102.876014,-0.133563316,7.237629668,0.208099892
BVH,2022,4,487.8486132,0.016842211,0.001906812,1.775224925,95.52143583,-0.321981335,8.48071921,0.171534061
BVH,2023,1,711.49598,0.025355753,0.002587584,1.796415294,68.09595747,0.069155715,9.109465644,0.163137851
BVH,2023,2,541.9702216,0.019182373,0.00191089,1.608876736,81.36978425,0.276152174,8.968525796,0.148284407
BVH,2023,3,584.1930006,0.020589296,0.002111315,1.506888608,72.1508131,0.122134867,8.539297467,0.14533165
BVH,2023,4,566.767993,0.019271236,0.001979613,1.431590357,69.69342039,0.154264481,8.933122469,0.132616629
BVH,2024,1,789.1062452,0.027335811,0.002709427,1.522143635,54.17521438,0.129560212,9.240967115,0.135459446
BVH,2024,2,576.3453822,0.019156424,0.001882702,1.610505024,79.81325334,0.047517905,9.109967347,0.145402477
BVH,2024,3,722.8064893,0.023866931,0.00237032,1.464074395,59.28281031,0.2179386,9.029089709,0.133526362
BVH,2024,4,754.840639,0.024303774,0.002349357,1.744550453,67.166495,0.33121023,9.663138892,0.149772431
BVH,2025,1,905.1061604,0.028723363,0.002708671,1.776567687,58.8881198,0.113234345,9.546985307,0.154679443
BVH,2025,2,911.4313467,0.028706837,0.002708512,1.727114189,58.26001069,0.594418628,9.649367447,0.149238514
BVH,2025,3,1038.329075,0.031682742,0.002971609,1.741142442,53.25864541,0.42291611,9.673891385,0.150477384
BWE,2020,1,877.7928601,0.059337036,0.020627821,1.114156609,18.22753491,0.266561414,1.930234973,0.366021805
BWE,2020,2,784.7703696,0.051356417,0.017676577,1.561577283,30.00877825,0.128808906,1.881583848,0.522655273
BWE,2020,3,930.6069234,0.057549813,0.020024577,1.653809509,28.47604003,0.317985838,1.866820453,0.553457005
BWE,2020,4,800.0524968,0.048901672,0.019460085,1.801651234,42.2472277,-0.073777996,1.268951993,0.76859415
BWE,2021,1,919.4675767,0.049912244,0.021144,1.769052843,34.476474,0.350159162,1.456048335,0.693741571
BWE,2021,2,875.38199,0.046943356,0.019544677,1.898840042,40.38237067,0.44257748,1.351359638,0.774501523
BWE,2021,3,821.4989513,0.041446723,0.017945032,2.091094641,49.5435812,0.136172804,1.269678266,0.885266428
BWE,2021,4,1265.189332,0.062418028,0.027239307,2.196575727,33.90796847,0.627566781,1.313188627,0.912574674
BWE,2022,1,916.5302878,0.044718995,0.019455749,2.619633686,56.62660655,-0.007706295,1.283981221,1.104863992
BWE,2022,2,1045.965769,0.049902887,0.022371541,2.444842274,48.75876583,0.196094462,1.179897724,1.082180605
BWE,2022,3,1018.758898,0.046062959,0.020953086,2.239330697,48.09773941,0.239980044,1.216040693,0.976732434
BWE,2022,4,869.2644665,0.038285099,0.017336743,2.175653932,56.94469509,-0.302267398,1.200891956,0.956169085
BWE,2023,1,729.7122515,0.031842548,0.014080509,1.980041798,58.51621637,-0.202135111,1.325367744,0.823631909
BWE,2023,2,1083.374883,0.047116965,0.019944742,1.942360847,40.61382693,0.033953365,1.39689389,0.768004792
BWE,2023,3,917.3400973,0.037818907,0.015909838,1.959529162,50.36300074,-0.094345156,1.35806658,0.786311738
BWE,2023,4,765.639977,0.031359196,0.013062359,1.692293565,53.81119225,-0.101296408,1.442045296,0.655707585
BWE,2024,1,928.7667557,0.035973262,0.014913288,1.819385889,48.45134661,0.277080199,1.382660567,0.72464089
BWE,2024,2,617.0957706,0.027456263,0.011612312,2.048103251,74.05657627,-0.332977882,1.346671753,0.82787157
BWE,2024,3,827.9509613,0.036338536,0.015480715,1.962535152,54.83416545,0.074537087,1.347989644,0.793524673
BWE,2024,4,645.4074528,0.027492453,0.011159957,1.998437629,73.59691896,-0.024515102,1.575770882,0.735701916
BWE,2025,1,670.9738082,0.030140271,0.011145648,1.91745666,64.83114462,-0.094222241,1.838095305,0.637316319
BWE,2025,2,1375.813872,0.056076586,0.02013301,1.994369134,34.85209807,1.178735077,1.73538697,0.689249181
BWE,2025,3,1202.073177,0.048401525,0.018575551,1.907350214,40.34696134,0.466090123,1.484713022,0.715516798
CII,2020,1,992.4166117,0.030264125,0.008809352,2.258553056,18.23830817,5.916772325,2.498697014,0.14387173
CII,2020,2,37.63703229,0.012053294,0.003380379,2.390122628,482.2378093,-0.540987945,2.636500108,0.141492722
CII,2020,3,126.6772686,0.009600987,0.002653297,2.277659337,142.4880739,-0.835929791,2.600661167,0.141020924
CII,2020,4,34.00979082,0.009446101,0.002573468,3.03119925,629.2305681,-0.750135828,2.745623242,0.172534704
CII,2021,1,18.46878912,0.006139169,0.001613922,3.859548967,1383.415005,-0.825061386,2.863305019,0.203715609
CII,2021,2,114.4598004,0.008644544,0.002232287,-2.949192227,166.8708135,-0.35694017,2.881660952,0.150871819
CII,2021,3,9.728737947,0.001366532,0.000350294,-1.582855783,1824.491532,-0.868875372,2.920544412,0.13879463
CII,2021,4,-1569.529658,-0.04584971,-0.012110242,-4.481897224,-29.56299663,-5.808407084,2.662033198,0.358190366
CII,2022,1,2667.155724,0.082253994,0.022715869,-3.94439624,11.47289591,13.25240935,2.578723409,0.252635112
CII,2022,2,288.3677247,0.013888581,0.003879259,-2.495908472,54.9645423,0.718982697,2.581667481,0.132495329
CII,2022,3,29.30480543,0.006156789,0.001738018,-3.072904522,660.3012618,3.853559849,2.502886748,0.166589869
CII,2022,4,-125.9993991,0.000978119,0.000281732,-2.28741491,-102.3814406,NULL,2.440486143,0.113925876
CII,2023,1,28.25183996,0.004187591,0.001210507,-2.760586037,516.7805007,-0.949152942,2.478164309,0.12695472
CII,2023,2,143.111111,0.010097077,0.002983669,-5.863507328,127.1739131,-0.281109149,2.287362694,0.172253699
CII,2023,3,85.27380114,0.011905804,0.003649779,-6.804610164,226.3297723,0.862048475,2.236608359,0.186647652
CII,2023,4,356.5393375,0.018819369,0.005259648,-0.545972777,48.38175815,18.12379951,2.901565425,0.165494738
CII,2024,1,814.8866491,0.035809783,0.009306344,-0.620553981,23.43884272,8.267050633,2.799973314,0.167953381
CII,2024,2,18.84393145,0.01279161,0.00335673,-0.502538502,830.5060991,0.452792885,2.821723066,0.139702812
CII,2024,3,18.69054675,0.010190931,0.002693649,-0.505431477,829.2962325,-0.007889255,2.745205262,0.140114233
CII,2024,4,-44.27380748,0.008561628,0.002206568,-0.452582578,-315.0847147,-0.491098167,3.019055595,0.121635513
CII,2025,1,32.98280753,0.009255039,0.002592658,-1.016727532,415.3679151,-0.703898634,2.214293351,0.202465677
CII,2025,2,52.42149797,0.00783924,0.002362128,-1.101246527,281.3731117,-0.258381018,2.4254479,0.209137182
CII,2025,3,17.69746864,0.004843972,0.001465338,-2.44991514,1440.884034,-0.412080399,2.192000791,0.419994342
CMG,2020,1,236.567516,0.017826204,0.008587463,1.274900688,95.11026864,-0.068796118,1.06418916,0.483934283
CMG,2020,2,283.5354126,0.018811531,0.008901163,1.732319659,109.5101304,0.985245708,1.161684693,0.626245772
CMG,2020,3,468.8541099,0.028838651,0.013251232,1.993286856,74.01022891,0.031013895,1.191147642,0.701467713
CMG,2020,4,717.0424967,0.038206532,0.017501393,2.095230419,52.99546425,0.057691435,1.175267609,0.744897965
CMG,2021,1,284.8018741,0.01920733,0.008890915,1.979960665,126.4036626,0.113880951,1.145254513,0.722386295
CMG,2021,2,440.8868485,0.026516491,0.012198571,1.997731702,84.60220605,0.460212012,1.201465328,0.710026753
CMG,2021,3,654.6382078,0.035644896,0.016217478,3.049665765,89.82060518,0.318958552,1.194516701,1.084605232
CMG,2021,4,983.637118,0.047079155,0.020867688,2.948004925,60.99810479,0.354838995,1.314790051,1.000635376
CMG,2022,1,308.4090362,0.018782789,0.00809476,3.890540649,204.2741703,0.106112592,1.325731315,1.097668114
CMG,2022,2,733.05495,0.033399862,0.014478431,3.390216157,79.80302159,0.472553373,1.288851601,0.989419606
CMG,2022,3,507.3679375,0.030993105,0.013795658,3.596982687,90.26979558,0.031092207,1.206153954,1.057892784
CMG,2022,4,744.0097586,0.041453975,0.018597724,3.009918741,53.76273568,0.047285882,1.250828444,0.866715085
CMG,2023,1,286.0388871,0.015854483,0.007287727,2.966958773,139.491523,-0.009131026,1.101316724,0.912096109
CMG,2023,2,559.445016,0.030734454,0.01429069,3.36240939,82.58184215,0.051939053,1.199257756,0.993722123
CMG,2023,3,450.2065745,0.025137394,0.011606838,3.384882385,106.1734828,-0.097849343,1.132886281,1.039129992
CMG,2023,4,684.5253517,0.047087846,0.021614671,3.807826576,63.54768292,0.228249825,1.223604295,1.135614127
CMG,2024,1,289.3853173,0.021580562,0.010105084,3.46371937,138.0512335,0.453239974,1.04948256,1.107649564
CMG,2024,2,437.0226241,0.028671915,0.013740735,5.08614627,139.5808744,0.005671582,1.122748132,1.590571571
CMG,2024,3,309.2182384,0.021984711,0.010107256,4.183226248,164.2852642,-0.061493955,1.227639941,1.264493273
CMG,2024,4,598.9000671,0.043034708,0.019655336,4.25582247,82.23408663,-0.014349238,1.152912282,1.348294446
CMG,2025,1,378.4585264,0.028421066,0.013407264,3.219400973,100.4073032,0.44544638,1.087565534,1.045899856
CMG,2025,2,445.5776578,0.03120696,0.015002651,3.349230567,92.68866892,0.199455354,1.072867027,1.108059645
CMG,2025,3,409.9689917,0.029450278,0.013657409,3.125276502,95.61698761,0.493799604,1.238406524,0.959100635
CTD,2020,1,1617.564237,0.014471773,0.007948018,0.406204598,27.78869549,-0.346075838,0.730320997,0.230643557
CTD,2020,2,2060.654853,0.018487814,0.010532317,0.641925447,33.77567083,0.270260402,0.780872448,0.354066274
CTD,2020,3,1161.99685,0.010475627,0.006104813,0.63139955,59.55265712,-0.462563954,0.651728317,0.375600418
CTD,2020,4,1232.212879,0.01103894,0.00665539,0.707341311,63.05728607,-0.596900353,0.665550437,0.417356674
CTD,2021,1,733.3467634,0.006449268,0.003995239,0.658095992,99.40727039,-0.55852426,0.561990204,0.413956128
CTD,2021,2,607.5919322,0.005369236,0.003360984,0.582806138,106.4859432,-0.714588641,0.63317325,0.350604045
CTD,2021,3,-160.1187964,-0.001416639,-0.000885713,0.616995597,-425.3092174,-1.133040413,0.565551851,0.386571802
CTD,2021,4,-857.5047313,-0.007645695,-0.00456981,1.000289877,-127.6960884,-1.673142571,0.781450114,0.550441879
CTD,2022,1,395.7328675,0.003542861,0.001951415,0.87906089,244.1040609,-0.462951901,0.849498919,0.466084932
CTD,2022,2,-323.0454781,-0.002893125,-0.001495925,0.490920732,-166.5400188,-1.530928796,1.019315319,0.240018171
CTD,2022,3,-47.88393095,-0.000428805,-0.000204874,0.526627375,-1204.997143,NULL,1.16674587,0.240004868
CTD,2022,4,255.6236748,0.00229962,0.001027525,0.299915095,128.7048237,NULL,1.309125773,0.12811554
CTD,2023,1,299.0965081,0.002682187,0.001131077,0.39717145,146.1066873,-0.246349472,1.433422142,0.161046994
CTD,2023,2,404.9824196,0.003651607,0.001455444,0.627970744,170.1308419,NULL,1.584112338,0.23986597
CTD,2023,3,895.3918715,0.008023589,0.003178758,0.432035026,53.3844471,NULL,1.46462062,0.173082837
CTD,2023,4,696.2701672,0.008251073,0.003273972,0.822235554,98.81221865,2.66164408,1.57532767,0.315266206
CTD,2024,1,1049.68469,0.012393895,0.004926478,0.866783164,69.54469345,3.754850391,1.457000981,0.348488806
CTD,2024,2,690.1194313,0.008062019,0.003149398,0.825175149,101.5766211,1.288479416,1.661862819,0.306316979
CTD,2024,3,929.8440319,0.010760853,0.003989039,0.743559691,68.61365757,0.394585369,1.732980206,0.268740077
CTD,2024,4,1046.706383,0.012044646,0.004118203,0.799883276,65.63445217,0.514123434,2.116305434,0.253544592
CTD,2025,1,571.7318546,0.006554103,0.002145582,0.982842789,148.6710935,-0.455308691,1.993496385,0.324415877
CTD,2025,2,2016.760234,0.02275813,0.007212863,0.964040403,42.39472723,1.921980286,2.312988502,0.287662903
CTD,2025,3,2906.511824,0.032351514,0.009685353,0.864798651,26.8706975,2.17248326,2.366644437,0.254081727
CTG,2020,1,648.4565305,0.030796924,0.001952385,0.868454995,26.52452276,-0.052919478,14.51367084,0.052380058
CTG,2020,2,959.2430654,0.045175846,0.002932524,1.055835564,22.46563022,1.041673924,14.29949809,0.064732305
CTG,2020,3,627.557915,0.028497285,0.001872749,1.261421294,42.30685227,-0.069720628,14.13642823,0.078382524
CTG,2020,4,1442.448684,0.064013586,0.004150111,1.599829379,23.95232523,1.036063945,14.70561803,0.095899903
CTG,2021,1,1735.383008,0.073017896,0.004819469,1.720529095,23.13610298,1.691023933,13.63443898,0.111232452
CTG,2021,2,468.2296655,0.02481522,0.001630428,2.868260342,112.5516042,-0.363905144,14.79682636,0.171935292
CTG,2021,3,511.8392942,0.026112303,0.001688317,1.610646965,59.39364238,0.052949012,14.14425056,0.100907521
CTG,2021,4,607.0352453,0.031514772,0.002001813,1.837702835,55.84519228,-0.447823724,15.35446231,0.106369996
CTG,2022,1,970.4846088,0.048950367,0.002940498,1.670853469,33.43690328,-0.274022195,15.92564303,0.093733113
CTG,2022,2,966.6363026,0.046557448,0.002790546,1.284668683,27.05257389,1.038292465,15.45288633,0.074314476
CTG,2022,3,694.6527757,0.031783736,0.001928999,1.101516655,33.3979807,0.346371749,15.49996964,0.063681789
CTG,2022,4,858.8514752,0.038609653,0.002324424,1.268057201,31.72841962,0.387133618,15.71876617,0.072414592
CTG,2023,1,1000.130342,0.043698966,0.002660066,1.298182394,29.19619451,0.028371966,15.14909371,0.076935761
CTG,2023,2,1082.724932,0.045571676,0.002857524,1.252053142,27.24607066,0.124508129,14.75553655,0.076215955
CTG,2023,3,803.8442513,0.03245216,0.002078368,1.232266931,37.3828636,0.173408514,14.47753282,0.07647613
CTG,2023,4,1123.05424,0.048850401,0.003088252,1.202518484,24.13062436,0.463639777,15.14828169,0.071595888
CTG,2024,1,923.4297244,0.039012985,0.002434183,1.518437496,38.49778609,0.035461783,14.91036507,0.091885745
CTG,2024,2,999.1253715,0.040587136,0.002552155,1.269257501,31.02713722,0.027681146,14.89608689,0.077018112
CTG,2024,3,973.159596,0.037496637,0.002364948,1.456267719,37.96910615,0.333012264,14.81569664,0.08898645
CTG,2024,4,1824.630551,0.068245185,0.004280732,1.412752099,20.71652258,0.63155725,15.0627078,0.085095469
CTG,2025,1,1009.10304,0.036361161,0.002265336,1.492574873,41.07608276,0.099322462,15.03993091,0.090120837
CTG,2025,2,1800.726231,0.061370348,0.003839636,1.416143107,23.26838988,0.802802328,14.93022404,0.086214916
CTG,2025,3,1573.332772,0.051017557,0.003169587,1.655041465,32.28814712,0.639372812,15.25579634,0.098783469
CTR,2020,1,836.1216349,0.05594735,0.01977065,1.828872784,33.0095513,0.356734853,1.862374068,0.627367326
CTR,2020,2,785.6168346,0.049876391,0.016650468,2.805039506,56.64338904,0.208619428,2.122300898,0.883322116
CTR,2020,3,991.7361493,0.072017035,0.021427137,3.432385103,46.38330471,0.464207026,2.604506811,0.935806779
CTR,2020,4,1468.970409,0.104375408,0.028726037,4.811726686,47.51627371,0.871517997,2.659709271,1.29105859
CTR,2021,1,997.3792756,0.064985356,0.019205985,6.01021375,94.04646988,0.410645146,2.127445353,1.883514655
CTR,2021,2,883.455866,0.073276643,0.022029542,6.130025254,80.1398267,0.721527006,2.533350241,1.696284886
CTR,2021,3,986.1514559,0.080194191,0.023872997,6.47535419,82.13748457,0.312302378,2.19829532,1.980922061
CTR,2021,4,1403.471982,0.104300769,0.033538564,6.327232149,62.41663612,0.236799115,2.029861486,2.046453426
CTR,2022,1,959.961854,0.065689777,0.022473448,7.350461822,113.5461785,0.246065049,1.823023879,2.556613922
CTR,2022,2,899.7323614,0.074732951,0.024854558,5.358474408,68.9093809,0.253734953,2.197703118,1.641493709
CTR,2022,3,1121.063528,0.090017367,0.027065318,4.670046043,53.52060655,0.399311183,2.441567617,1.331017708
CTR,2022,4,1071.275734,0.078472777,0.021887153,3.613159426,47.04671113,-0.060435741,2.717901992,0.954325799
CTR,2023,1,948.4550519,0.064304123,0.017791731,4.050861874,64.3151195,0.216199076,2.518039176,1.133482354
CTR,2023,2,1085.238319,0.072680262,0.020224211,4.919515602,64.96268956,0.206250108,2.673185943,1.317244857
CTR,2023,3,1229.21781,0.080538464,0.021639463,4.950765354,63.37363433,0.09636149,2.766260743,1.296429757
CTR,2023,4,1247.066581,0.074806854,0.02068547,5.34394674,73.61274964,0.163851074,2.478821371,1.51835078
CTR,2024,1,1015.26171,0.059812765,0.017122817,8.441213469,136.2210341,0.070325971,2.508203566,2.379334807
CTR,2024,2,1093.737657,0.066394765,0.018654001,8.675530906,128.5500222,0.007676388,2.610945004,2.377399299
CTR,2024,3,1278.678202,0.082077376,0.021690822,8.645906451,98.85208007,0.040237289,2.975701207,2.151118121
CTR,2024,4,1317.633813,0.084776644,0.02179971,7.70646999,94.48755701,0.056812029,2.810196687,2.004014238
CTR,2025,1,1063.991616,0.062885146,0.016431244,5.921363357,96.80527409,0.047997384,2.842951196,1.528574637
CTR,2025,2,1269.568748,0.072637969,0.018735811,5.945525444,80.97237756,0.160761669,2.911186014,1.508654428
CTR,2025,3,1476.931215,0.081386513,0.021690704,4.571560299,58.02572194,0.155045275,2.605313972,1.259537653
CTS,2020,1,-864.395507,-0.07258662,-0.037680067,0.479207133,-6.131452509,-2.991203843,0.704934036,0.270874103
CTS,2020,2,958.6718013,0.08030548,0.043015036,0.608617587,7.614701914,5.487289303,1.01684003,0.291912295
CTS,2020,3,155.9603831,0.012499511,0.005855468,0.61504943,47.96089785,1.763020279,1.251043037,0.264661777
CTS,2020,4,954.536541,0.073242481,0.027898578,1.203584185,16.55253552,1.166102255,1.973137668,0.393362047
CTS,2021,1,374.9706324,0.027375501,0.008658663,1.224881762,44.13678984,NULL,2.345034519,0.356334613
CTS,2021,2,1191.788577,0.082627325,0.025141823,1.589436305,19.46654,0.243166405,2.232083839,0.479733779
CTS,2021,3,282.063884,0.018675321,0.005628921,1.820454878,96.07752547,0.808561113,2.401819373,0.522567201
CTS,2021,4,1783.744348,0.110541194,0.031104138,2.779098292,25.98466538,0.868702005,2.690061899,0.737638862
CTS,2022,1,501.3017557,0.031444878,0.007988243,2.129708793,67.12523868,0.443840341,3.177377145,0.499793023
CTS,2022,2,30.48607933,0.001893564,0.000501422,0.966872839,500.228312,-0.972373901,2.374527769,0.280999415
CTS,2022,3,89.2021725,0.007155179,0.002227555,1.340598177,184.4125489,-0.558019808,2.050729493,0.431171757
CTS,2022,4,-22.22042342,-0.001779349,-0.00061702,1.033568848,-569.2960823,-1.017409832,1.716343909,0.37345307
CTS,2023,1,72.47126798,0.005790612,0.001883493,1.357723523,231.1260789,-0.812921324,2.429878749,0.388802164
CTS,2023,2,514.2874959,0.040191418,0.011390749,1.679084628,41.80541073,20.83041764,2.623412934,0.455333685
CTS,2023,3,455.1638974,0.034328739,0.008896252,2.17968417,63.49361222,4.10261,3.08621668,0.5244153
CTS,2023,4,218.3256492,0.01605841,0.003899308,2.0994946,129.6228826,NULL,3.149815573,0.497602226
CTS,2024,1,668.0790675,0.047488079,0.012919119,2.709610839,57.62790944,8.218537031,2.225658143,0.827029847
CTS,2024,2,140.4671311,0.009723584,0.002810916,2.707288171,274.4414276,-0.726870413,2.692329204,0.722019522
CTS,2024,3,354.312051,0.024149523,0.006119065,2.775682562,114.8704931,-0.221572596,3.193655399,0.652096845
CTS,2024,4,391.1745541,0.026049189,0.006470618,2.377288488,90.75232433,0.791702237,2.860840404,0.606900897
CTS,2025,1,712.6731995,0.045958463,0.011527825,2.49872518,54.86385629,0.066749782,3.106987094,0.600152575
CTS,2025,2,826.2519652,0.072188282,0.01736436,2.301801341,32.43562633,7.41350536,3.20451973,0.540129562
CTS,2025,3,1271.859961,0.101722974,0.024649553,3.190997585,32.62937844,4.134433753,3.057283623,0.77457665
DBC,2020,1,3827.85278,0.108963223,0.035743228,0.507508773,4.911369658,16.38675233,1.939435005,0.172655212
DBC,2020,2,3831.099224,0.113241852,0.040118789,1.252465888,11.58936311,52.28797944,1.716558024,0.461048826
DBC,2020,3,3692.228564,0.10102912,0.03810345,1.260550106,12.85131708,18.95601295,1.590119877,0.486676357
DBC,2020,4,2514.28242,0.064635445,0.025931473,1.411972894,22.55116591,0.020326447,1.401085543,0.588056056
DBC,2021,1,3484.234189,0.083567113,0.03542566,1.343939575,16.67511334,0.046757925,1.319797598,0.579334842
DBC,2021,2,1864.760657,0.046718823,0.020359001,1.556956489,33.83812275,-0.464586773,1.270460883,0.685744688
DBC,2021,3,1197.591194,0.02912658,0.012900741,1.3763082,47.92954416,-0.643212677,1.245387809,0.612948995
DBC,2021,4,968.6984071,0.023495126,0.010328186,1.79124637,75.35885211,-0.576197099,1.305010693,0.777109787
DBC,2022,1,74.70319819,0.001834375,0.000786765,1.843007218,1003.97308,-0.976415794,1.358108772,0.78156158
DBC,2022,2,58.95234979,0.00305216,0.00126419,1.01809832,332.4719044,-0.933611077,1.470901972,0.412035092
DBC,2022,3,852.6971997,0.043332673,0.018080693,1.061963139,25.03819645,0.495215683,1.32550191,0.456659758
DBC,2022,4,-925.7575688,-0.047133026,-0.018447979,0.735199059,-15.23076935,-3.006902558,1.795403471,0.263002843
DBC,2023,1,-1325.314341,-0.071577396,-0.025545127,0.772972186,-10.41262407,-38.25609246,1.809082097,0.275168955
DBC,2023,2,1350.485468,0.072887292,0.026508275,1.109164114,15.77210604,21.90808547,1.694310975,0.411668929
DBC,2023,3,51.50238806,0.002678315,0.001007353,1.137357886,425.2230008,-0.939600613,1.623311453,0.433558084
DBC,2023,4,26.66120438,0.001383669,0.000511343,1.421028118,1027.710512,NULL,1.788480361,0.509606644
DBC,2024,1,300.029556,0.015440109,0.005689474,1.654593948,107.9893609,NULL,1.640269266,0.626676214
DBC,2024,2,600.9674373,0.030223071,0.011257424,1.684601805,56.57544468,-0.55499896,1.72784531,0.617431262
DBC,2024,3,932.7733151,0.054706821,0.022789454,1.487142795,31.09008323,24.04642343,1.155555641,0.689805881
DBC,2024,4,713.7507621,0.035938488,0.016946377,1.372795175,38.87911786,36.02233387,1.087110477,0.657651953
DBC,2025,1,1518.695332,0.072606203,0.035626682,1.376460505,19.58918249,6.000089468,0.992015661,0.690888526
DBC,2025,2,1514.843349,0.068454523,0.034981085,1.501852601,22.44456499,2.48589062,0.923376554,0.780733512
DBC,2025,3,891.1022922,0.044258019,0.022760295,1.324288988,30.58010313,0.098616386,0.964762591,0.673930514
DCM,2020,1,172.4935561,0.015051713,0.009081108,0.460392382,30.78375865,-0.50727598,0.648449938,0.27575296
DCM,2020,2,500.9919647,0.042279987,0.027152125,0.709367558,17.00626078,1.373373882,0.469379902,0.477202646
DCM,2020,3,194.6646973,0.015880467,0.010998668,0.974417101,60.87390351,10.53634448,0.418633069,0.679223719
DCM,2020,4,385.8111842,0.031625086,0.022604995,1.186502807,36.28718029,0.650695746,0.378864661,0.849356771
DCM,2021,1,286.8871963,0.023712634,0.017563555,1.447666155,60.82530076,0.639110292,0.321922313,1.082069669
DCM,2021,2,555.3993317,0.044962442,0.033230102,1.668886527,37.81063246,0.112000922,0.382927497,1.193698902
DCM,2021,3,711.5498816,0.055805076,0.039466909,2.122845655,37.17237636,2.637670692,0.445344348,1.453823889
DCM,2021,4,2067.578887,0.153596581,0.107029875,2.576734608,17.75022962,4.397922171,0.426089292,1.791287459
DCM,2022,1,2862.764149,0.183076753,0.12758855,2.55213423,15.00298235,9.010062878,0.442367444,1.756882342
DCM,2022,2,1925.532802,0.107643354,0.075954491,1.748064037,17.00827946,2.439161354,0.394586783,1.245822871
DCM,2022,3,1374.701329,0.074119048,0.053435217,1.842196951,24.51441582,0.9548188,0.379394291,1.32780394
DCM,2022,4,1989.539101,0.103476668,0.076272216,1.332412349,13.31966785,-0.039420119,0.335809636,0.990275847
DCM,2023,1,432.0531973,0.021449436,0.015984559,1.180816848,55.43298869,-0.848651682,0.347844576,0.870159265
DCM,2023,2,588.3257272,0.028541732,0.020730166,1.303871034,44.87310138,-0.693423736,0.405036664,0.895960844
DCM,2023,3,139.22359,0.007172463,0.004890734,1.886674889,235.233124,-0.898566413,0.537907761,1.178257707
DCM,2023,4,935.0193689,0.050545831,0.032959668,1.789449357,34.65168859,-0.531084289,0.529396799,1.125646265
DCM,2024,1,653.5738725,0.034520645,0.022567969,1.876899826,53.78121966,0.522088036,0.52985595,1.181968306
DCM,2024,2,1104.011179,0.058321096,0.03595683,2.024195221,32.60836546,0.873015076,0.71875664,1.132031889
DCM,2024,3,227.3661801,0.012251708,0.007478835,2.141990357,169.3303726,0.627124043,0.558420016,1.321797557
DCM,2024,4,696.6844655,0.037074422,0.023890158,1.926940165,51.09917296,-0.246230342,0.545502054,1.198221306
DCM,2025,1,777.1386413,0.039736858,0.025270234,1.732320559,42.52780423,0.178819662,0.598462052,1.036079915
DCM,2025,2,1484.933166,0.075684621,0.045393875,1.821959185,22.6946241,0.344899866,0.73821506,1.00120192
DCM,2025,3,618.9795201,0.031526532,0.019109577,1.947401498,60.01814082,1.719098342,0.563875146,1.191546486
DGC,2020,1,1465.336761,0.056194733,0.041334321,0.737208285,13.23927749,0.663021807,0.351423631,0.508624664
DGC,2020,2,1973.030203,0.072180819,0.051713573,1.434287948,20.01996723,0.682003924,0.438131714,0.929141682
DGC,2020,3,1515.935924,0.059744406,0.041817979,1.672643081,28.1014516,1.019953082,0.419771748,1.099548738
DGC,2020,4,1588.019468,0.059831377,0.041782667,2.005565032,32.17844681,0.397182042,0.444137974,1.294226022
DGC,2021,1,1908.7102,0.069735402,0.049151668,2.487363256,35.36419515,0.463019121,0.394826193,1.672017583
DGC,2021,2,1879.862417,0.074486693,0.053791793,3.126604522,43.40743198,0.234799722,0.375343902,2.188094625
DGC,2021,3,2796.339184,0.099956815,0.074052357,5.222334488,53.96341075,1.072504119,0.326712102,3.795359372
DGC,2021,4,7622.509942,0.244423428,0.184995797,4.519691088,20.97734227,4.760427779,0.316805596,3.280557385
DGC,2022,1,7808.232787,0.216112842,0.169578563,5.35425666,29.19994911,4.161007448,0.239140835,4.13558764
DGC,2022,2,4809.547336,0.221651769,0.178678735,4.772961403,24.22265379,4.692270766,0.241597185,3.667246113
DGC,2022,3,3723.089412,0.147866327,0.123338301,2.790605954,20.84290529,2.101318867,0.161887236,2.311080998
DGC,2022,4,2711.381007,0.102735722,0.08565728,2.140341037,21.72324725,-0.200083186,0.237364865,1.668679118
DGC,2023,1,2072.620229,0.075239195,0.061813348,1.814936828,24.75127826,-0.453956061,0.197405735,1.474232906
DGC,2023,2,2213.760621,0.077314271,0.065167233,2.131588797,28.8197375,-0.536399509,0.176018062,1.760310283
DGC,2023,3,2004.743093,0.06632019,0.056424337,2.92777755,46.63939251,-0.469604085,0.174788134,2.416693325
DGC,2023,4,1871.491771,0.060074824,0.048756941,3.06789409,50.44104466,-0.342176854,0.291759025,2.307627347
DGC,2024,1,1771.073285,0.057375119,0.046935573,3.855704865,69.67526475,-0.144453463,0.155764136,3.241296118
DGC,2024,2,2266.438963,0.067938363,0.058901387,3.663767419,54.04954734,0.00134866,0.151242931,3.014756746
DGC,2024,3,1858.925982,0.053586084,0.046668338,3.272265925,62.1326514,-0.080748233,0.145378145,2.708186198
DGC,2024,4,1967.744054,0.056401993,0.049045622,3.4024624,59.2556739,0.065451918,0.154750734,2.798902667
DGC,2025,1,2131.071385,0.059737413,0.051753731,2.772621112,46.73705476,0.188782614,0.153796029,2.290242655
DGC,2025,2,2217.733488,0.060353831,0.051315048,2.665877156,45.85762922,0.012002591,0.197179094,2.121591911
DGC,2025,3,1979.154471,0.051534903,0.042753593,2.287367473,46.38344371,0.089922659,0.21319521,1.794839987
DGW,2020,1,1045.535687,0.047324368,0.020691947,0.840686672,16.92912086,0.828791983,0.968575912,0.398565267
DGW,2020,2,1126.625633,0.048336279,0.02338451,1.705739688,33.99532096,0.47904274,1.159739248,0.740362771
DGW,2020,3,1739.694217,0.071771897,0.03298541,2.350570033,31.32734446,0.480639579,1.191549459,1.009434955
DGW,2020,4,1974.048142,0.077261485,0.031602403,3.405979895,43.41332826,0.673477684,1.679207542,1.201812274
DGW,2021,1,2481.679936,0.08870923,0.033294137,4.214593929,47.50814088,1.386860812,1.651027155,1.511178887
DGW,2021,2,2634.532746,0.087663716,0.034389069,4.302183193,49.19278388,1.4116713,1.456714345,1.672617209
DGW,2021,3,1212.835423,0.07523676,0.029854102,7.523758576,97.86983274,0.430516693,1.580836967,2.79031788
DGW,2021,4,3699.234812,0.20188417,0.063480966,6.361134546,33.49341318,2.843218602,2.669712703,1.672730479
DGW,2022,1,2327.118222,0.11157462,0.031903657,6.657484558,61.01967604,0.972414815,2.342975435,1.929046611
DGW,2022,2,839.3949066,0.067525001,0.021384277,9.468573432,138.1947866,0.174560158,1.978294552,3.082650042
DGW,2022,3,1105.659661,0.083835511,0.028289494,4.826893917,58.24577153,0.680964543,1.949868468,1.588862995
DGW,2022,4,955.1061415,0.06670283,0.023995075,2.640964397,39.52440295,-0.524592682,1.622650531,0.968637487
DGW,2023,1,475.1693019,0.033238896,0.013349093,1.988720905,60.39952473,-0.611508336,1.361635745,0.810477528
DGW,2023,2,496.8793615,0.034452472,0.013968605,2.822426716,83.72253553,-0.363603265,1.569239796,1.059560505
DGW,2023,3,612.9974125,0.039658134,0.015233047,3.77735813,94.45390604,-0.427037631,1.636285779,1.381309767
DGW,2023,4,536.1231322,0.034162446,0.012480157,3.492887147,97.55221676,-0.419834206,1.839534701,1.17145434
DGW,2024,1,553.519861,0.034858382,0.012976543,4.256216894,119.4175759,0.137620117,1.53820348,1.599799144
DGW,2024,2,533.1233908,0.031695028,0.012288189,3.808048674,114.7951882,0.005315493,1.619112866,1.390035643
DGW,2024,3,560.621866,0.042855391,0.015899428,3.741363572,83.5679142,0.171737079,1.770826457,1.292659736
DGW,2024,4,641.5009242,0.050140029,0.017925906,3.070885317,62.66553715,0.625851375,1.821822001,1.036621422
DGW,2025,1,483.2956132,0.034721638,0.013022394,2.743635557,77.79917503,0.141758264,1.515980773,1.051088116
DGW,2025,2,528.1348724,0.038023535,0.014656316,3.202434462,83.3120521,0.353976455,1.672550123,1.155600105
DGW,2025,3,759.4168997,0.052535167,0.019186169,2.83907487,54.25215059,0.391784502,1.800448533,0.979781857
DIG,2020,1,24.70207338,0.001491845,0.000740194,0.835208396,418.9931687,1.015350779,1.021167342,0.404582234
DIG,2020,2,205.3863223,0.016586803,0.008163277,0.99396032,59.64369907,0.820423514,1.042647986,0.476230663
DIG,2020,3,216.3368729,0.018829526,0.009438187,1.209348387,70.4919129,0.185930542,0.948917032,0.608676974
DIG,2020,4,1588.198579,0.114906093,0.051526274,1.876784806,17.44114393,0.53804107,1.470779793,0.746756539
DIG,2021,1,118.4111548,0.008970984,0.003635892,2.044277411,233.0861484,6.166109563,1.463921674,0.815767531
DIG,2021,2,123.1209709,0.010495021,0.004232663,2.205911692,208.3316904,-0.231721424,1.495030106,0.869699012
DIG,2021,3,101.8077615,0.008505176,0.003250638,2.615434193,304.4954484,-0.443013345,1.731962308,0.946431926
DIG,2021,4,1637.073276,0.127424186,0.052898047,6.573996612,59.06882814,0.596190534,1.1945959,2.867437649
DIG,2022,1,126.8446292,0.008025471,0.003704465,6.218045187,729.2386014,0.431450774,1.138213709,2.820675126
DIG,2022,2,171.443807,0.011397268,0.005419735,2.359588108,206.4816491,0.734204102,1.068018096,1.103732984
DIG,2022,3,-1.633803771,-0.000127047,-6.09E-05,2.49241073,-18178.43766,-1.02295248,1.104978174,1.144291085
DIG,2022,4,-6.537743709,0.005599501,0.002804537,1.163573977,-2187.298957,-0.947324589,0.892020218,0.591334691
DIG,2023,1,129.3660289,0.009778915,0.005359809,1.087020517,104.3550622,0.24335011,0.757578322,0.595444223
DIG,2023,2,17.19890224,0.001192067,0.00067323,1.692682338,1223.915324,-0.89322055,0.78374205,0.913870448
DIG,2023,3,27.86362418,0.001536112,0.000858547,2.014657242,900.8160547,NULL,0.794650734,1.082323779
DIG,2023,4,20.25323739,0.001719555,0.000875818,2.142441352,1320.7765,-0.68368873,1.131815233,0.969451029
DIG,2024,1,-6.62297249,-0.015477952,-0.007009339,2.619216251,-4861.86528,-2.583219187,1.28575574,1.105350029
DIG,2024,2,21.00327047,0.015980816,0.00690879,2.12652847,1264.088849,12.33728578,1.340066223,0.877071794
DIG,2024,3,11.60223121,0.001417667,0.000613231,1.852277224,1999.615383,-0.072276363,1.283745764,0.779365956
DIG,2024,4,161.8268532,0.010853262,0.004729728,1.495034878,116.7914943,5.398223341,1.305510212,0.621716464
DIG,2025,1,-57.97060223,-0.005671685,-0.002426803,1.580099918,-342.4149351,NULL,1.368924538,0.640158681
DIG,2025,2,103.2164421,0.00916709,0.003880097,1.480784179,171.4843065,-0.412677723,1.356316273,0.603014795
DIG,2025,3,327.1102771,0.023736841,0.01017269,1.90219039,71.22980118,16.21068809,1.310949077,0.792168656
DPM,2020,1,267.8712867,0.012947928,0.009297617,0.618389192,42.7444096,0.985408678,0.383568907,0.391733369
DPM,2020,2,773.7571516,0.037223275,0.026491887,0.753676805,18.09353228,7.480584648,0.426532796,0.46320105
DPM,2020,3,465.2747273,0.022147733,0.015790528,0.969889972,38.25696724,1.950609881,0.378377886,0.616670153
DPM,2020,4,264.3653722,0.012935863,0.00941529,1.015787449,71.11370087,-0.551356091,0.369493341,0.65119524
DPM,2021,1,436.421502,0.021832312,0.015836758,1.088124365,45.48355181,0.683128249,0.387787608,0.686837576
DPM,2021,2,1748.456259,0.081932643,0.059605088,1.199574839,13.61200767,1.250380195,0.362342464,0.778677412
DPM,2021,3,1579.257987,0.070606356,0.05217475,1.787676058,23.30208256,2.451854511,0.344482702,1.180796918
DPM,2021,4,4200.161657,0.168646379,0.127763475,2.021080329,11.90430371,14.68412564,0.299247467,1.405873698
DPM,2022,1,5402.254444,0.18407067,0.142931486,2.306364579,12.38371881,10.87701318,0.277947922,1.653517972
DPM,2022,2,3391.785158,0.103097545,0.08041028,1.592038225,15.03632973,0.930110475,0.285972488,1.143017288
DPM,2022,3,2549.15714,0.075365233,0.058518865,1.531447631,18.37862377,0.588964038,0.289871523,1.09374881
DPM,2022,4,2877.069529,0.082832705,0.064929454,1.29186364,14.92838445,-0.329351219,0.262626934,0.949658198
DPM,2023,1,664.6727166,0.019657706,0.015676251,1.116928131,50.09984488,-0.876611747,0.244416446,0.82626425
DPM,2023,2,257.7030285,0.008295838,0.006802214,1.164026071,134.8451363,-0.921413519,0.194767498,0.897137131
DPM,2023,3,163.602561,0.005658797,0.004655294,1.372440732,225.5465916,-0.931581919,0.238448666,1.011540771
DPM,2023,4,241.4458807,0.008128152,0.006798453,1.236829672,137.9191059,-0.916188195,0.152795992,0.979125123
DPM,2024,1,675.0763036,0.022940256,0.019628305,1.302145629,53.03104228,0.020921447,0.184319772,1.002040973
DPM,2024,2,589.2276531,0.019801546,0.015849153,1.291909424,61.26664254,1.238796504,0.313473459,0.897665518
DPM,2024,3,160.9687674,0.005728423,0.004056195,1.366983038,221.1609158,-0.029478604,0.517643699,0.817221757
DPM,2024,4,-51.09285002,-0.001389176,-0.000926648,1.350316793,-685.0273569,-1.166024074,0.480548178,0.827480792
DPM,2025,1,523.6833306,0.018692419,0.01240701,1.313883063,66.35689542,-0.212445508,0.532176188,0.779306318
DPM,2025,2,1029.563261,0.035764781,0.022963266,1.411399553,37.39449674,0.754686427,0.582065013,0.812556489
DPM,2025,3,347.6724042,0.020705134,0.012781065,1.658589331,72.19439823,2.590710871,0.659169261,0.906894992
DXG,2020,1,130.1407386,0.010274255,0.004555214,0.57480342,59.55091451,-0.776493293,1.359020177,0.189166613
DXG,2020,2,-1071.012944,-0.052973619,-0.022415068,0.90906636,-10.45738995,-2.263352825,1.367766611,0.283735331
DXG,2020,3,192.804196,0.024984941,0.010374304,0.803723322,52.38475203,-0.607869245,1.446989937,0.235743563
DXG,2020,4,-84.49326186,0.002859174,0.001138662,1.337761711,-188.7724494,-0.951043298,1.57466181,0.35195645
DXG,2021,1,1023.648966,0.07567688,0.028942924,1.8749473,23.44553729,6.597261124,1.652459578,0.484958318
DXG,2021,2,576.234488,0.042116844,0.017877097,1.472283061,41.64971118,NULL,1.135055127,0.448700204
DXG,2021,3,87.18911423,0.012279875,0.005691143,1.349683509,219.0640445,-0.276570169,1.180194473,0.398494073
DXG,2021,4,461.8590233,0.01853777,0.008640498,2.39758159,75.78069981,8.427240061,1.111430971,0.738332611
DXG,2022,1,444.7416797,0.029860501,0.01429751,3.099868967,104.7799254,-0.426265442,1.066557049,0.980584919
DXG,2022,2,219.1036936,0.018537349,0.008842413,1.273896256,88.99895608,-0.451160727,1.125569327,0.389590354
DXG,2022,3,251.0348387,0.01790496,0.008380291,1.304895344,80.86526994,0.61351694,1.14733828,0.395626237
DXG,2022,4,-559.9309851,-0.027585933,-0.01283082,0.847295768,-22.77066342,-2.610409688,1.152702418,0.256521467
DXG,2023,1,-155.7499234,-0.008348378,-0.003857301,0.842532444,-80.57788875,-1.287143616,1.175972741,0.251180588
DXG,2023,2,256.0358788,0.01117142,0.005154177,0.981380938,57.99968376,-0.400417536,1.15899801,0.297039499
DXG,2023,3,111.5579493,0.007725239,0.003597121,1.240396423,169.4186753,-0.575727142,1.136355865,0.37803514
DXG,2023,4,59.31958808,4.59E-05,2.20E-05,1.49290636,326.1991633,NULL,1.029162154,0.484450702
DXG,2024,1,43.40404233,0.005233341,0.002657183,1.354143896,457.3306755,NULL,0.914848434,0.482533908
DXG,2024,2,45.67917769,0.006033771,0.003196461,1.08824461,350.2690024,-0.403979924,0.860572886,0.398244928
DXG,2024,3,42.61577899,0.004687081,0.002529563,1.134374896,391.8736298,-0.333559807,0.845305063,0.417169793
DXG,2024,4,223.4193331,0.013556431,0.007203333,1.081460253,69.82385894,318.8154749,0.919670715,0.385252696
DXG,2025,1,55.5274078,0.0048656,0.002499612,1.123485812,284.544167,0.011686007,0.970456112,0.408775288
DXG,2025,2,79.86504861,0.014946551,0.008156377,1.396047585,211.6069582,1.871158557,0.707816065,0.53343682
DXG,2025,3,91.11441029,0.008643742,0.004848093,1.698134545,227.1868954,1.237622253,0.857813264,0.599007824
DXS,2021,1,NULL,NULL,NULL,NULL,NULL,NULL,0.955783407,NULL
DXS,2021,2,NULL,0.045728124,0.023617703,NULL,NULL,NULL,0.920387743,NULL
DXS,2021,3,472.0000418,0.031477588,0.016502143,1.833296255,60.59321498,NULL,0.894934249,0.698332255
DXS,2021,4,-80.30528434,-0.002649015,-0.001377484,2.403451362,-464.4775285,NULL,0.951151203,0.882035355
DXS,2022,1,345.4918381,0.027737787,0.013969561,2.268503844,104.1992778,-0.362033664,1.018992576,0.79804994
DXS,2022,2,424.2021025,0.031278363,0.015396505,1.277482619,43.37555117,-0.176381378,1.043507314,0.44320321
DXS,2022,3,265.4206987,0.023316888,0.011361001,1.085760794,54.44187311,-0.180553317,1.061053649,0.372608972
DXS,2022,4,-163.8327385,-0.01686269,-0.008294905,0.508895865,-41.01744292,NULL,1.003921773,0.183408015
DXS,2023,1,-85.60002784,-0.005311968,-0.002666509,0.442707049,-67.8738097,-1.201196788,0.980282245,0.160565701
DXS,2023,2,-41.83093392,-0.002081841,-0.001062648,0.695884897,-217.3033004,-1.067190899,0.93785163,0.257701103
DXS,2023,3,7.559574552,0.00307559,0.001582712,0.679123724,1174.669281,-0.871015242,0.948611816,0.249600661
DXS,2023,4,-198.2284894,-0.015201468,-0.00788329,0.740785197,-37.83512664,NULL,0.907593021,0.278562465
DXS,2024,1,54.36469202,0.006589502,0.00347432,0.716860211,134.278329,NULL,0.885740612,0.272474692
DXS,2024,2,66.25955166,0.009325056,0.004973164,0.690310599,106.852519,NULL,0.864497424,0.265077505
DXS,2024,3,60.87401539,0.006407565,0.003428482,0.576470861,97.41430662,1.080767298,0.873318156,0.219586478
DXS,2024,4,63.52888654,0.00786741,0.004269883,0.695045939,113.3342703,NULL,0.811901251,0.274316444
DXS,2025,1,69.77329461,0.005187734,0.002837625,0.661503181,98.89170403,-0.19252666,0.844404518,0.256899646
DXS,2025,2,376.4709915,0.037140176,0.020325936,0.824636045,23.66716215,3.141139271,0.810673432,0.325789112
DXS,2025,3,135.2151904,0.011383777,0.006040795,1.121534502,90.5963299,0.866043169,0.95839575,0.414705424
EIB,2020,1,297.7543539,0.022946132,0.002254752,1.331562473,49.20163151,0.304928563,8.727404706,0.114596474
EIB,2020,2,60.94517217,0.004636807,0.000492161,1.617210081,292.0657924,-0.772975724,8.115290342,0.148551905
EIB,2020,3,349.8547978,0.026260315,0.002881043,1.495310769,48.59158745,0.582137261,8.114450039,0.138162692
EIB,2020,4,161.9128619,0.011913899,0.001277224,1.663974656,118.8911108,NULL,8.538646951,0.147514927
EIB,2021,1,140.0060137,0.010181436,0.001071152,1.715769824,143.5652617,-0.529793564,8.471946585,0.153532694
EIB,2021,2,221.8055163,0.015910236,0.001670343,2.534458759,136.6061607,2.639427183,8.577407248,0.225004448
EIB,2021,3,267.9617561,0.018862176,0.002008256,1.926071246,88.07226949,-0.234077229,8.210980368,0.178522661
EIB,2021,4,155.4968957,0.010791667,0.001164417,2.724718626,216.7245838,-0.039626044,8.324310027,0.249842551
EIB,2022,1,526.4443451,0.035724946,0.00382777,2.856891312,70.09287941,2.760155233,8.341568195,0.263231295
EIB,2022,2,708.7714971,0.046447176,0.005023482,2.386392413,45.14854241,2.195463797,8.1535804,0.225348223
EIB,2022,3,832.5342495,0.052227876,0.005714032,2.396358684,41.07939105,2.10691444,8.127680882,0.228919558
EIB,2022,4,328.2749296,0.019880076,0.002189091,1.918374848,85.14204857,1.111134941,8.035984111,0.185687793
EIB,2023,1,471.8457187,0.033442496,0.003775673,1.501557961,40.0554657,0.075542158,7.684405871,0.151801132
EIB,2023,2,286.4595292,0.01985382,0.00226008,1.663421533,74.18150849,-0.515005388,7.883456592,0.164741436
EIB,2023,3,163.9046733,0.011229268,0.001267228,1.388868656,109.5148762,-0.763751472,7.839335583,0.138404716
EIB,2023,4,462.1544287,0.03649489,0.004096966,1.607436481,39.70534276,0.993471129,7.973795677,0.158600912
EIB,2024,1,302.8670531,0.023220251,0.002603697,1.570602354,60.75272901,-0.242587136,7.86383932,0.157339413
EIB,2024,2,369.2633123,0.027674355,0.00309366,1.572831414,51.18298887,0.521085235,8.025360128,0.155200477
EIB,2024,3,387.1815222,0.030261187,0.003310713,1.627343617,48.55603618,1.982540083,8.252135279,0.156556356
EIB,2024,4,770.6491218,0.058263967,0.006194834,1.602592951,25.04382274,0.784234397,8.55273579,0.149938727
EIB,2025,1,353.5092689,0.025895785,0.00268278,1.572453307,55.16121277,0.248909912,8.749902417,0.144636975
EIB,2025,2,271.776668,0.01953688,0.001994757,1.817492563,84.07638583,-0.212485883,8.837799209,0.165975818
EIB,2025,3,238.7303809,0.016905593,0.001736556,2.028208623,108.9094731,-0.38341484,8.634284982,0.189399159
EVF,2020,1,340.4882228,0.025809155,0.004115436,0.50806973,19.67762628,0.520134115,5.134520512,0.081730381
EVF,2020,2,-82.86246199,-0.006232282,-0.000967026,0.490101219,-77.236421,-3.796001528,5.758234015,0.071589138
EVF,2020,3,319.1546391,0.023839041,0.00326443,0.552929425,23.18625235,-0.136423976,6.834258808,0.069722106
EVF,2020,4,285.2012953,0.020831194,0.002654998,0.71675741,34.36169527,0.175008163,6.857554997,0.09015192
EVF,2021,1,444.7257809,0.031639214,0.004125699,0.850356421,26.98291962,0.30614145,6.485930995,0.112272617
EVF,2021,2,114.521304,0.008001914,0.001049339,0.881448518,109.1499971,NULL,6.764745157,0.11221788
EVF,2021,3,293.3434932,0.023243102,0.00291039,1.055684271,45.33933872,0.056923259,7.202710356,0.127010525
EVF,2021,4,305.2007612,0.023621093,0.002892816,1.487203134,62.9094106,0.230558533,7.129038954,0.180637369
EVF,2022,1,446.0918888,0.035685332,0.004102298,1.360090111,38.33290949,0.22832728,8.248772667,0.145318448
EVF,2022,2,59.42611721,0.004668715,0.000519384,0.794993369,168.2761801,-0.364562051,7.729334062,0.089960166
EVF,2022,3,224.0502958,0.018856101,0.002088658,0.823251662,43.56164746,-0.12002148,8.320800216,0.087302669
EVF,2022,4,350.6397384,0.028808802,0.003022821,0.69497766,24.18436666,0.323666355,8.734058195,0.070549044
EVF,2023,1,243.1180425,0.019520005,0.001960749,0.588559574,30.0676985,-0.410366768,9.17295702,0.057205542
EVF,2023,2,212.8842416,0.016954826,0.001624788,0.728949372,42.51136642,2.875745475,9.697468874,0.067406121
EVF,2023,3,163.9715121,0.025794773,0.002451764,1.914475869,74.40316824,0.463702705,9.348805812,0.183107315
EVF,2023,4,75.49042125,0.008193792,0.001107558,1.340017656,211.9474198,-0.568112952,4.820702707,0.228925512
EVF,2024,1,186.1928556,0.015399557,0.002697832,1.37078432,89.15487087,0.536332748,4.597084803,0.243617016
EVF,2024,2,167.3940879,0.013658936,0.002391653,1.16496726,85.42715085,0.577379041,4.823588723,0.199047386
EVF,2024,3,256.7290582,0.020587822,0.003543643,0.972503273,47.52091596,0.570421006,4.796283814,0.167001213
EVF,2024,4,172.2507108,0.014651542,0.002359521,0.771973965,52.82997068,1.464223911,5.616777734,0.116129462
EVF,2025,1,316.1856599,0.026346962,0.003981285,0.821840048,31.46885284,0.833961228,5.618605469,0.123640613
EVF,2025,2,318.1105427,0.02585971,0.003700513,0.847133665,33.00739395,1.052338256,6.3492182,0.114813515
EVF,2025,3,333.6844745,0.026478333,0.003595307,1.065523633,39.85801263,0.403692457,6.37978359,0.141234563
FPT,2020,1,1101.342332,0.054308011,0.027527195,2.053289604,37.31809704,0.180168325,0.952088648,0.81008834
FPT,2020,2,1120.822122,0.061023769,0.030832647,2.590093694,40.72903194,0.09943015,1.005884623,0.996553321
FPT,2020,3,1184.82478,0.063662316,0.031183039,2.807671344,42.20033278,-0.0095546,1.076707766,1.03818895
FPT,2020,4,1253.647169,0.068104872,0.031508933,3.163097626,47.14245082,0.288790638,1.244265987,1.109803235
FPT,2021,1,1155.812685,0.060037159,0.026691093,3.916633474,67.22542589,0.228120156,1.254110553,1.369686701
FPT,2021,2,1101.899905,0.063319185,0.027547307,5.079634413,79.86206332,0.161815997,1.342287674,1.699950901
FPT,2021,3,1239.421182,0.068081155,0.028870771,5.307169721,75.03502548,0.196741713,1.373772967,1.74945625
FPT,2021,4,1434.102518,0.074731847,0.030602146,5.021047442,64.8489204,0.245272836,1.506825433,1.571835737
FPT,2022,1,1365.07903,0.06933631,0.028153469,5.374872274,78.38374015,0.337059709,1.421722471,1.746506423
FPT,2022,2,1140.191323,0.067351222,0.027910961,5.118918475,75.60134711,0.239672845,1.404593247,1.679771999
FPT,2022,3,1325.142269,0.073987449,0.031519577,4.719190059,60.74819427,0.277446678,1.29163753,1.601945987
FPT,2022,4,1245.815226,0.066187045,0.030628428,4.269426616,61.72664966,0.048338372,1.036999122,1.633314307
FPT,2023,1,1361.464361,0.069053512,0.035350557,4.064914037,58.09920719,0.176295804,0.875053597,1.71014615
FPT,2023,2,1366.636164,0.066679795,0.033354118,4.137458545,62.92823378,0.188276642,1.116583337,1.569161001
FPT,2023,3,1369.592905,0.072836265,0.033853864,5.249095302,67.75736037,0.182159657,1.186630619,1.897408364
FPT,2023,4,1356.779677,0.070169539,0.033445651,5.145832279,70.82948073,0.251701117,1.013924596,2.024523631
FPT,2024,1,1415.807032,0.070070106,0.035325139,5.842926748,82.28522487,0.19364899,0.954943976,2.385361991
FPT,2024,2,1283.947091,0.070976958,0.035938984,7.33832384,101.6397022,0.232881554,0.994298682,2.91930677
FPT,2024,3,1430.281748,0.072792211,0.03730922,6.977292982,94.0374162,0.19400463,0.911017845,2.906564838
FPT,2024,4,1423.947964,0.070355488,0.035833474,8.082882173,107.0966102,0.221833156,1.015251973,3.115806443
FPT,2025,1,1478.041558,0.070508275,0.03555615,5.914501334,81.86508653,0.201499414,0.952617552,2.405472546
FPT,2025,2,1523.942945,0.070471678,0.035298277,5.560846302,77.56195887,0.197821247,1.038134002,2.154567197
FPT,2025,3,1429.310981,0.070167587,0.035383759,4.665263688,65.06631602,0.170640094,0.931760282,1.914786173
FRT,2020,1,467.0098717,0.027429807,0.005636432,0.694168342,23.87529831,-0.44320458,3.597721356,0.145659522
FRT,2020,2,-224.0276611,-0.015136464,-0.003667784,1.389313607,-98.20215904,-1.209961628,2.648836113,0.367662039
FRT,2020,3,-2.985089437,-0.005323466,-0.001406806,1.617862872,-8039.960111,-1.092828162,2.928898271,0.39887137
FRT,2020,4,-423.6073604,0.000836499,0.000200798,2.156854868,-75.54165246,NULL,3.399846524,0.468875233
FRT,2021,1,391.6286819,0.024929321,0.004771763,1.999377348,77.75222144,-0.131753364,5.028535748,0.317609198
FRT,2021,2,381.0628588,0.023785106,0.003955658,1.735872775,71.1168758,NULL,4.997697012,0.277441968
FRT,2021,3,600.770135,0.035924715,0.005827504,2.922837421,79.1484084,NULL,5.324525754,0.441897197
FRT,2021,4,4244.696084,0.22195687,0.034875422,5.252864032,23.60593032,328.4594688,5.396087801,0.736815345
FRT,2022,1,2083.857501,0.096008508,0.015736849,7.089568434,72.02987725,4.475911121,4.832702268,1.099482202
FRT,2022,2,394.0779578,0.025255595,0.004497962,6.432485926,231.4262907,0.547221081,4.397947194,1.078512333
FRT,2022,3,713.6142738,0.044911285,0.008550433,4.919169638,102.7165553,0.804873333,4.113472099,0.874860867
FRT,2022,4,798.0157443,0.048451442,0.009454599,4.452182265,86.4644595,-0.711848028,4.135223944,0.776773342
FRT,2023,1,-42.83100058,0.00100979,0.000207415,3.942153823,-1424.202077,-0.987774488,3.601949683,0.765515577
FRT,2023,2,-1845.204446,-0.112176439,-0.023068089,5.48940486,-38.80328825,-5.590651992,4.163947842,0.924185881
FRT,2023,3,-177.9818871,-0.00728975,-0.001246247,6.968136084,-500.0508842,-1.152725879,5.527917753,0.899659004
FRT,2023,4,-740.4243215,-0.058893924,-0.00833996,10.63217591,-144.5117305,-2.070541337,6.619051925,1.112951207
FRT,2024,1,284.5216699,0.034688078,0.004716262,15.22160537,548.288642,28.31124934,6.099940171,1.681887093
FRT,2024,2,196.2906764,0.026856648,0.00388176,17.11638862,901.7239294,NULL,5.742221216,1.95628805
FRT,2024,3,1034.266513,0.086619181,0.012343515,15.82598059,172.1026426,NULL,6.270060409,1.67541012
FRT,2024,4,815.4459357,0.065126443,0.008833621,15.58491586,227.6055246,NULL,6.468840442,1.597126601
FRT,2025,1,1232.823136,0.095581295,0.013107005,12.67600074,133.8391495,2.506230396,6.132021714,1.351275073
FRT,2025,2,870.9304595,0.055078061,0.008994645,9.608252925,205.7569557,2.24528602,4.426781643,1.332184735
FRT,2025,3,1284.387224,0.075748618,0.013983172,7.969175186,99.65841891,0.607372269,4.408176851,1.106424741
FTS,2020,1,-808.6231632,-0.047144784,-0.04213832,0.608838089,-12.49036691,-1.944489477,0.038453482,0.580740431
FTS,2020,2,904.0185759,0.058790314,0.051626622,0.975150272,16.5925794,0.170381949,0.237103804,0.78080972
FTS,2020,3,358.1766969,0.022802222,0.017941593,0.854440964,37.55129833,1.252342603,0.303962034,0.64925309
FTS,2020,4,762.3499578,0.046861235,0.032867418,0.984677879,21.31566984,NULL,0.541992124,0.63295436
FTS,2021,1,1101.241426,0.064025117,0.03955175,0.974163023,15.57333351,NULL,0.690782474,0.571429639
FTS,2021,2,1582.136667,0.093844135,0.045413904,2.114631818,23.32289035,0.925112702,1.411184002,0.870435191
FTS,2021,3,2006.087025,0.110323691,0.04664057,2.936051126,27.66579879,5.248499966,1.323702043,1.254942315
FTS,2021,4,1179.874753,0.060129371,0.021787982,2.977492511,50.68334572,0.726673984,2.170327997,0.933202053
FTS,2022,1,1443.874619,0.069633003,0.024813806,2.602895032,38.09195013,0.4627729,1.460016773,1.051717028
FTS,2022,2,506.5488053,0.023548605,0.010725523,1.673064001,71.46399246,-0.675269032,0.937272936,0.858573215
FTS,2022,3,-307.8487824,-0.018564485,-0.009610789,1.909097294,-102.972634,-1.202852271,0.926065965,0.985513036
FTS,2022,4,466.022915,0.027522811,0.015723932,1.107272938,40.55594562,-0.477893883,0.579435314,0.697169166
FTS,2023,1,405.7002796,0.023539304,0.014756456,1.484496129,62.97752623,-0.628576895,0.610809333,0.916542297
FTS,2023,2,718.233232,0.041242174,0.024091248,1.666696309,40.44647157,0.874231119,0.811762032,0.914973231
FTS,2023,3,941.537974,0.052322478,0.027196544,2.367802991,46.20100431,NULL,1.030251942,1.160310383
FTS,2023,4,195.8724681,0.011600408,0.005406331,2.64241134,227.9544462,-0.537664268,1.259832133,1.163411698
FTS,2024,1,776.5778178,0.044953996,0.020355622,3.55800886,80.09499959,1.105576429,1.15873985,1.640184558
FTS,2024,2,534.3007051,0.041976805,0.018613225,3.152173213,75.80001227,0.145617456,1.348988225,1.335605589
FTS,2024,3,263.7273327,0.020591346,0.009060832,3.571448431,174.4225732,-0.560704501,1.197703009,1.617595503
FTS,2024,4,521.4206464,0.03950081,0.017282848,3.150469353,80.93273692,2.795447109,1.369993767,1.322784612
FTS,2025,1,500.022639,0.036468791,0.014948359,3.641522732,101.1954181,-0.081978606,1.506814986,1.445813152
FTS,2025,2,180.1335589,0.014249786,0.005513947,3.008518023,209.2891532,-0.622323935,1.662443027,1.124659347
FTS,2025,3,159.0602789,0.01292437,0.004415068,2.915816433,226.0149438,-0.3168747,2.188818921,0.910163089
GAS,2020,1,1219.350036,0.046250052,0.036812453,2.078732375,44.94197595,-0.232743478,0.25959787,1.601944249
GAS,2020,2,926.6768565,0.034657372,0.027571777,2.53985679,74.45961288,-0.404070463,0.254452876,1.966121144
GAS,2020,3,1057.508072,0.040822334,0.032100254,2.945437218,67.42265322,-0.29400925,0.291045259,2.21089483
GAS,2020,4,879.2397242,0.034593112,0.026944629,3.457252817,98.49418493,-0.457328473,0.276908078,2.626356739
GAS,2021,1,1060.798924,0.040747534,0.031240542,3.42873096,84.55890931,-0.124718656,0.330571294,2.500896646
GAS,2021,2,1182.196928,0.046295327,0.032085606,3.839238884,78.66709665,0.25895123,0.563924449,2.378054831
GAS,2021,3,1263.458366,0.050256523,0.033280976,3.807130478,76.77340433,0.191210096,0.458729949,2.534815801
GAS,2021,4,1026.419438,0.039643221,0.026705732,3.631599103,93.72386804,0.207099918,0.509177115,2.336785367
GAS,2022,1,1791.97861,0.064787507,0.042642312,3.826623599,60.43598923,0.698885022,0.528831248,2.432960164
GAS,2022,2,2658.426085,0.088427093,0.05919309,3.747568584,43.44675996,1.233961903,0.46172546,2.495968198
GAS,2022,3,1583.211621,0.052098022,0.035554334,3.742191489,69.47902514,0.253896882,0.46904694,2.469593372
GAS,2022,4,1700.101406,0.056060251,0.039798493,3.266953123,59.70232109,0.646165362,0.351280644,2.35010515
GAS,2023,1,1750.440579,0.054346192,0.040971376,3.107977545,58.271044,-0.022465106,0.302911549,2.320535487
GAS,2023,2,1648.731607,0.048417192,0.037082222,2.710208735,56.40699772,-0.378349442,0.308313155,2.017033587
GAS,2023,3,1242.021871,0.036953854,0.027813314,2.841020038,73.02608926,-0.22167519,0.350515095,2.051019841
GAS,2023,4,1185.601097,0.043384777,0.032205175,2.723841948,63.6807778,-0.169073211,0.34389448,1.976012019
GAS,2024,1,1093.574594,0.038192591,0.02833621,2.780848997,73.3374755,-0.255565518,0.351628435,2.007046086
GAS,2024,2,1445.882857,0.049215344,0.036546648,2.542767204,52.97801244,0.068846095,0.341872964,1.848649623
GAS,2024,3,1076.460343,0.039487705,0.02757004,2.962641851,68.0006472,0.072308391,0.539732446,1.866883078
GAS,2024,4,872.5513585,0.0338592,0.023629421,2.664317036,78.0469818,-0.260677553,0.329438984,1.94901053
GAS,2025,1,1176.660734,0.043889156,0.033718033,2.498159142,56.77082446,0.086167875,0.275056183,1.907937865
GAS,2025,2,2026.576156,0.072255142,0.056354649,2.368305631,33.45544149,0.407641822,0.288786178,1.792009552
GAS,2025,3,1056.432662,0.038665292,0.028633837,2.255679091,57.17354469,0.013463643,0.414107026,1.552684873
GEE,2022,1,1097.760092,NULL,NULL,2.426108271,40.08161741,NULL,2.387461407,0.610545661
GEE,2022,2,304.437361,0.018947167,0.005550639,1.956396639,107.739733,NULL,2.441963158,0.489247982
GEE,2022,3,154.4594137,0.01027844,0.003088191,1.889942172,207.1741646,NULL,2.21538644,0.507624049
GEE,2022,4,1378.219506,0.073125266,0.023921478,1.790049253,22.4927886,NULL,1.901605276,0.533880665
GEE,2023,1,239.0062775,0.015257903,0.005333629,1.500340142,107.1101574,-0.747620588,1.819342503,0.458718763
GEE,2023,2,285.0369063,0.014701516,0.00527381,1.557619874,94.72457568,-0.250033758,1.755626034,0.500044589
GEE,2023,3,1600.041166,0.083968645,0.032039361,1.430832612,15.62459799,7.178324814,1.485530332,0.51497978
GEE,2023,4,360.5066984,0.020641881,0.008619156,1.737048277,85.99008047,-0.719471336,1.305646756,0.677697719
GEE,2024,1,348.6260446,0.01961221,0.008576292,1.835278753,93.22309823,0.276726714,1.267805377,0.727521494
GEE,2024,2,1722.566315,0.087842451,0.040405447,1.936360733,21.24736777,5.150497492,1.085412055,0.841864613
GEE,2024,3,1294.023915,0.065817624,0.032008419,1.63567467,25.50184709,-0.137296951,1.028902888,0.732148308
GEE,2024,4,1928.899175,0.09382795,0.048353754,1.627868074,17.78216324,4.240846792,0.85566746,0.797472435
GEE,2025,1,1481.38629,0.067701814,0.036784109,3.13110488,47.18553187,3.190256116,0.826367991,1.568005719
GEE,2025,2,1443.015426,0.076514552,0.040479274,5.300721871,67.49754595,0.059127129,0.95492365,2.482468766
GEE,2025,3,4765.11312,0.232940416,0.121463537,6.296316048,26.65204305,3.214312508,0.883835284,3.069855766
GEX,2020,1,115.9287214,0.010796087,0.004271727,1.110196388,119.038663,-0.425919812,1.606484616,0.288174498
GEX,2020,2,638.8143022,0.040435939,0.015026916,1.327580558,25.90737237,0.104858837,1.786345929,0.365529427
GEX,2020,3,389.7211523,0.028406395,0.009741918,1.855091094,60.68441464,-0.132740916,2.043668336,0.471639252
GEX,2020,4,524.8332128,0.040785635,0.012819438,1.70856774,42.87076246,1.240987601,2.311858619,0.399693798
GEX,2021,1,520.36334,0.034737927,0.010207928,1.729868474,45.73727273,2.116673695,2.490081364,0.388019892
GEX,2021,2,439.4718851,0.045709386,0.013494113,2.478055866,50.06008517,0.602832747,2.326528888,0.356535504
GEX,2021,3,305.9434288,0.020162033,0.006710304,1.623963845,75.50415478,0.574020288,1.766849411,0.332491135
GEX,2021,4,243.5394757,0.025129224,0.00873178,3.054752633,166.9133921,0.551167696,1.984156391,0.565746275
GEX,2022,1,314.8895709,0.032851344,0.011308218,2.760901845,123.0590136,1.381441998,1.830502111,0.536314616
GEX,2022,2,15.3358469,0.018105966,0.006675835,1.395202348,1274.791026,-0.258461923,1.592280347,0.299307899
GEX,2022,3,17.04536088,0.010424905,0.004033931,1.40160056,1114.672792,-0.357696251,1.576121964,0.300300979
GEX,2022,4,85.98599796,0.010779296,0.004256196,0.924845106,144.2095259,-0.551388858,1.489373848,0.201557339
GEX,2023,1,-108.3792252,0.00163124,0.000653619,0.932419009,-114.4130711,-0.950537709,1.502038398,0.20066197
GEX,2023,2,377.1432159,0.030720777,0.012408374,1.419749828,51.30676938,0.666960697,1.45003816,0.31421071
GEX,2023,3,143.3140935,0.012005233,0.004839399,1.508996336,145.1357608,0.169321348,1.511113197,0.326269176
GEX,2023,4,-24.1051811,-0.003755889,-0.00147134,1.713849765,-979.0426342,-1.355784696,1.595057605,0.364859126
GEX,2024,1,127.4813004,0.011883554,0.004651994,1.790455394,195.3227644,6.386162845,1.514355851,0.393411257
GEX,2024,2,997.5509753,0.050444439,0.020736854,1.487321914,22.15425632,0.691531524,1.353937479,0.358842419
GEX,2024,3,115.0342047,0.013234343,0.005602936,1.458110226,189.0741981,0.150578929,1.370012971,0.348632137
GEX,2024,4,668.4360679,0.044298404,0.018924301,1.225984258,28.57416127,NULL,1.312426239,0.305213862
GEX,2025,1,271.9732025,0.018200519,0.007914154,1.464850161,86.40557152,0.722000443,1.287801797,0.357349836
GEX,2025,2,727.9163256,0.047916669,0.020693975,2.415580811,51.3795318,0.085818635,1.342562839,0.570276525
GEX,2025,3,689.1981765,0.029543786,0.012557468,3.227983117,80.52836165,1.629519653,1.361944463,0.767545562
GMD,2020,1,383.1247151,0.018509017,0.012001816,0.775393334,39.02123619,-0.161585298,0.539669066,0.431368032
GMD,2020,2,348.6830524,0.019161194,0.012617272,0.959440703,53.3435734,-0.361507316,0.497762317,0.548144485
GMD,2020,3,326.0158687,0.018346626,0.012201207,1.282007193,73.46268172,-0.392082866,0.509780074,0.723465976
GMD,2020,4,173.6700958,0.009935048,0.006616863,1.715415463,187.7122244,-0.01901799,0.493281941,0.981965797
GMD,2021,1,488.1054033,0.025729301,0.01728442,1.764976047,69.34977521,0.402189716,0.483992452,1.017544795
GMD,2021,2,469.7062352,0.026136795,0.017600745,2.196477349,91.54658119,0.387714996,0.485953187,1.266252272
GMD,2021,3,419.5845884,0.024060564,0.016139428,2.64524288,118.2121588,0.338985921,0.495824291,1.507703201
GMD,2021,4,629.2563275,0.030525624,0.020210854,2.356301809,75.16809595,2.204181499,0.524030818,1.32760193
GMD,2022,1,908.2673177,0.044290886,0.029399814,2.777993808,64.29825103,0.857332255,0.489737105,1.603855503
GMD,2022,2,957.8107226,0.044293142,0.029956614,2.377575339,54.29047595,0.877896188,0.467971159,1.377130447
GMD,2022,3,809.2204028,0.036228369,0.024858443,2.111015536,59.31634921,0.768080571,0.447280226,1.231188719
GMD,2022,4,622.6055398,0.027365777,0.017742475,2.053065898,72.91936403,0.053347314,0.639538629,1.05002867
GMD,2023,1,670.8331355,0.031564088,0.019381975,2.262703214,76.77020898,-0.201510629,0.617855714,1.169965533
GMD,2023,2,5476.180049,0.191043555,0.125906609,1.852432709,9.47740935,4.128732258,0.433047688,1.116344132
GMD,2023,3,843.2663463,0.035018285,0.024834655,2.446030326,78.62284591,0.177291721,0.386526172,1.508587635
GMD,2023,4,470.2904697,0.023171074,0.01667927,2.591396431,149.9073542,0.016354689,0.39185209,1.592042536
GMD,2024,1,1801.734492,0.065197433,0.047051303,2.782766558,44.23515249,1.574102984,0.379873629,1.725888751
GMD,2024,2,1063.996023,0.041971727,0.030609871,2.788892803,78.00781039,-0.740805043,0.362835308,1.747901856
GMD,2024,3,1079.103194,0.042009656,0.030805919,2.738451384,72.28224364,0.324797564,0.364563767,1.685736574
GMD,2024,4,557.1736019,0.0307916,0.023119327,2.224317458,117.0191836,0.674454335,0.306850858,1.499715863
GMD,2025,1,959.0253134,0.037861834,0.029243831,1.943878651,59.95670729,-0.195623572,0.282822435,1.335656333
GMD,2025,2,1059.661956,0.043337936,0.03250079,2.033921893,54.64006677,0.357274567,0.385249846,1.274711222
GMD,2025,3,750.1529994,0.030925565,0.022517825,2.322529892,90.51486837,-0.035558816,0.361856398,1.476578767
GVR,2020,1,56.5474445,0.00664069,0.004339672,0.719460838,148.1941417,0.068928468,0.520320334,0.435741243
GVR,2020,2,100.5875892,0.010011263,0.006528992,0.94966937,109.3574276,-0.348034387,0.546467116,0.565644091
GVR,2020,3,245.6541022,0.023988935,0.015173316,1.101178436,50.27394164,-0.023069534,0.616421117,0.623391028
GVR,2020,4,666.9180265,0.063820455,0.040245323,2.532260214,44.90806787,0.90095792,0.556435646,1.504171355
GVR,2021,1,204.4828138,0.023545744,0.015328457,2.329661019,135.9527458,2.614003057,0.516102403,1.406788317
GVR,2021,2,189.9661743,0.020318151,0.013489473,2.898406187,184.2433271,1.110614145,0.496465746,1.772090385
GVR,2021,3,310.1343248,0.028875289,0.019365795,2.926899845,115.7562938,0.287187935,0.485689819,1.809303531
GVR,2021,4,359.3791438,0.033922182,0.022560006,3.098583474,102.8162058,-0.441196,0.522115279,1.870335101
GVR,2022,1,263.7735757,0.024861357,0.016614908,2.743550767,128.8984308,0.081691823,0.471498503,1.714138142
GVR,2022,2,254.2795625,0.021852638,0.014848024,1.825324572,88.68192072,0.104653192,0.47200983,1.137828746
GVR,2022,3,208.7737544,0.018286248,0.012512283,1.662839467,100.1083688,-0.351896335,0.451108422,1.050421476
GVR,2022,4,232.8783755,0.023381655,0.016032185,1.12847474,59.25840032,-0.291268609,0.465919714,0.704288877
GVR,2023,1,120.0444513,0.013095561,0.009082446,1.250332083,129.1188375,-0.463688896,0.419077083,0.805268575
GVR,2023,2,156.9550241,0.013913783,0.009821642,1.566435138,123.6022874,-0.359193328,0.415133447,1.012205489
GVR,2023,3,78.20873806,0.009018614,0.006391378,1.549667481,249.3327534,-0.503339083,0.407067565,1.002611998
GVR,2023,4,655.7937976,0.061176142,0.043280966,1.704611367,32.32723469,1.663652737,0.419899331,1.086314702
GVR,2024,1,118.8907195,0.011712769,0.008388845,2.615912736,278.8274825,-0.07871323,0.373003289,1.724022678
GVR,2024,2,205.2100813,0.016580615,0.012141169,2.665710731,166.6584789,0.238629356,0.35839234,1.775460974
GVR,2024,3,235.9460735,0.019638567,0.014439377,2.751296924,151.517673,1.270459305,0.361727866,1.829095796
GVR,2024,4,437.1322804,0.036633532,0.02625907,2.296518398,69.42978444,-0.371078479,0.427872166,1.455920347
GVR,2025,1,296.1619966,0.022886144,0.016273568,2.388598961,109.3995866,1.085712888,0.385408917,1.556947452
GVR,2025,2,361.702774,0.025825673,0.018925141,2.151676142,83.77043855,0.689219361,0.344538546,1.449589648
GVR,2025,3,474.3158064,0.034686327,0.025969615,1.910807597,58.39990915,0.951674555,0.327005333,1.305996882
HAG,2020,1,-74.60742684,-0.004678609,-0.002006419,0.192901542,-34.17890293,-4.637713003,1.398377917,0.060078511
HAG,2020,2,190.3896135,-0.003434354,-0.001396637,0.413189338,27.31241428,NULL,1.521324056,0.119748191
HAG,2020,3,-202.05926,-0.035831631,-0.013794923,0.368916104,-22.56763685,NULL,1.674748873,0.100510108
HAG,2020,4,-963.8232533,-0.115942147,-0.037582754,0.806043431,-5.447056794,NULL,2.752020172,0.134134562
HAG,2021,1,-62.98200945,-0.009536907,-0.002513159,1.144034975,-88.12040214,NULL,2.882009201,0.279502436
HAG,2021,2,82.62308821,0.015553504,0.004219545,1.106538624,71.40861141,NULL,2.506114714,0.302121584
HAG,2021,3,25.56124886,0.004292971,0.001191055,0.982882391,197.9558991,NULL,2.70657326,0.255073165
HAG,2021,4,153.3667371,0.020018671,0.005277137,2.800751478,86.72023839,NULL,2.885696581,0.678692665
HAG,2022,1,269.5996876,0.054464752,0.013933669,2.79681603,48.59056075,NULL,2.931444932,0.6442477
HAG,2022,2,301.6197911,0.056185172,0.013893177,1.848461394,27.5843968,2.436628567,3.160745767,0.400430399
HAG,2022,3,388.9825004,0.077265656,0.019143664,2.748728505,34.06322903,15.99586278,2.919103631,0.635428692
HAG,2022,4,256.9063545,0.045865935,0.011870734,1.794973974,35.65501529,1.407181667,2.811234984,0.429074207
HAG,2023,1,313.8717803,0.057670648,0.015026679,1.395696313,23.35348528,0.175915581,2.863874986,0.330314374
HAG,2023,2,98.34526473,0.015511453,0.003943573,1.588795986,82.87130064,-0.69109174,3.00420201,0.36142181
HAG,2023,3,345.0018745,0.060289444,0.015305595,1.410806653,22.37669002,-0.121760941,2.877662131,0.333058785
HAG,2023,4,1037.014679,0.175426006,0.050564158,2.005245568,12.72884585,3.614699306,2.130415406,0.585634647
HAG,2024,1,231.7038313,0.033033741,0.010764391,1.927660607,56.32189993,-0.253581215,2.010291024,0.571690061
HAG,2024,2,248.4087007,0.035430204,0.012930895,1.680609028,48.71004907,2.345965643,1.514196089,0.604357939
HAG,2024,3,313.5981434,0.040380185,0.016073627,1.410426502,34.59841912,0.081222671,1.510326249,0.51008043
HAG,2024,4,193.1961609,0.022861874,0.009336892,1.499654153,62.37183982,-0.805009279,1.389202695,0.571866912
HAG,2025,1,322.2090827,0.037801034,0.015752507,1.449947257,37.86361296,0.591607177,1.409715341,0.549450075
HAG,2025,2,466.1463308,0.051625932,0.020989272,1.460704168,27.78097594,0.89700697,1.5065152,0.526581064
HAG,2025,3,328.2024778,0.036525859,0.016077864,1.683595171,49.66446357,0.231313168,1.088509735,0.744617714
HCM,2020,1,330.6982679,0.023194796,0.014685294,0.775864277,33.71653584,0.231960866,0.422635449,0.543554245
HCM,2020,2,491.7885318,0.034442735,0.023084431,1.302475394,37.3127855,0.356894628,0.562855409,0.830752409
HCM,2020,3,465.6642489,0.032394307,0.017524979,1.44186229,45.09686979,0.261029249,1.125018888,0.676569641
HCM,2020,4,450.1152948,0.030868962,0.012506626,2.166868689,69.75990455,0.078425632,1.812574416,0.766950612
HCM,2021,1,1054.954174,0.06993847,0.023446081,1.986364475,29.29037181,2.186859546,2.141810781,0.629989308
HCM,2021,2,928.344446,0.05919658,0.01856769,3.253525825,55.0442244,0.886360466,2.234072181,1.002998497
HCM,2021,3,1043.960538,0.064144027,0.01850262,3.103273018,49.81031191,1.241873926,2.684973868,0.84010016
HCM,2021,4,489.0984647,0.035925717,0.010340792,2.844509216,93.02830265,0.628660945,2.326725152,0.853668826
HCM,2022,1,618.4140747,0.037867836,0.011990155,2.052372346,55.14104771,-0.121374258,1.996025699,0.683993432
HCM,2022,2,610.9208943,0.036185874,0.013309276,1.181389074,33.06483734,-0.013643324,1.449523562,0.481531399
HCM,2022,3,361.081277,0.020864376,0.00828176,1.403004051,67.85175959,-0.481583232,1.587668726,0.541440401
HCM,2022,4,274.1191796,0.01577781,0.006936672,1.160084583,72.96096548,-0.439541934,0.957334417,0.591976798
HCM,2023,1,270.6751121,0.015559518,0.0083657,1.455989717,94.20888312,-0.562307646,0.764005888,0.824560114
HCM,2023,2,343.8488262,0.019732523,0.011055842,1.626931398,81.86737269,-0.437163094,0.805858802,0.900033381
HCM,2023,3,468.2871424,0.026677451,0.013829896,1.718841367,65.23775101,0.29690231,1.048839652,0.838263769
HCM,2023,4,392.1260188,0.021804311,0.010371227,1.882538179,87.21685979,0.430494646,1.154775196,0.873035136
HCM,2024,1,393.2758547,0.032761899,0.014449797,2.41921914,75.01096151,1.237104263,1.376180492,1.017554916
HCM,2024,2,445.1271507,0.032551943,0.013011751,1.73023114,58.85958643,0.993213437,1.602859235,0.664499152
HCM,2024,3,315.9134103,0.021465902,0.00735531,2.167023136,97.96988348,0.038707088,2.253028583,0.665984045
HCM,2024,4,315.3593621,0.022150283,0.007089209,2.027373239,93.22697701,0.266419441,2.00074803,0.675411476
HCM,2025,1,314.9044346,0.021847868,0.007337073,2.137549271,97.17233751,-0.181079531,1.954427343,0.723229199
HCM,2025,2,178.1276521,0.01877277,0.005882942,2.270193006,120.1385621,-0.386098421,2.430620888,0.661504152
HCM,2025,3,407.9201863,0.042342209,0.011054952,2.714909723,65.45398069,0.980882101,3.213127766,0.644178795
HDB,2020,1,923.1264467,0.047944973,0.004341693,0.888068765,19.28229883,0.139496271,9.836721237,0.073929044
HDB,2020,2,1253.259465,0.059906877,0.005568725,1.170747309,19.78840033,0.473280824,9.683297332,0.098805267
HDB,2020,3,1129.812553,0.050610186,0.004570902,1.402957013,27.70371059,0.191747553,10.44181182,0.110627496
HDB,2020,4,664.1245574,0.04720015,0.00387129,1.679374675,35.76136394,-0.087262206,11.9180238,0.118610824
HDB,2021,1,980.9386878,0.06573796,0.005210072,1.753522202,26.91299704,0.677925307,11.33636058,0.129136549
HDB,2021,2,973.7174328,0.061744199,0.00508982,2.21406472,36.4582155,0.265888214,10.93524971,0.170948283
HDB,2021,3,718.3307142,0.053088544,0.00446769,1.874228502,35.3597577,0.283665879,10.83305447,0.14609897
HDB,2021,4,756.5405584,0.052909212,0.004407611,2.169373906,40.77772125,0.385591288,11.16661891,0.164062341
HDB,2022,1,953.3795374,0.063534221,0.005347499,1.884291452,29.73632104,0.202559944,10.61319041,0.149709287
HDB,2022,2,1033.255927,0.06512592,0.005801793,1.484904681,23.22754641,0.328223874,9.865123923,0.125675771
HDB,2022,3,801.5011879,0.059823447,0.005538508,1.395607691,23.89266577,0.433860594,9.740687542,0.120673795
HDB,2022,4,690.299227,0.04725601,0.004413526,1.106101641,23.10592186,0.132535072,9.675067059,0.096375256
HDB,2023,1,872.160643,0.054964631,0.005013765,1.261527805,22.07162196,0.085760075,10.23750923,0.10553291
HDB,2023,2,816.1581138,0.053613932,0.004623823,1.230726943,22.78970176,-0.018271757,10.95589683,0.096673691
HDB,2023,3,857.5269146,0.060241625,0.005069866,1.238406216,20.2326011,0.159333059,10.81304799,0.098739684
HDB,2023,4,1156.036817,0.077105512,0.006208685,1.341860052,17.55999437,0.915926024,11.9808336,0.097488509
HDB,2024,1,1067.714322,0.066871028,0.005333657,1.496593088,22.57158071,0.464719161,11.12371306,0.116492053
HDB,2024,2,1069.471888,0.063434705,0.005300514,1.342555378,21.50594163,0.491998268,10.82082548,0.107277382
HDB,2024,3,1175.559315,0.066641227,0.005654865,1.62858038,23.98858113,0.409707064,10.74920509,0.130460541
HDB,2024,4,891.0900951,0.058725539,0.004878892,1.662370359,28.616635,-0.061093539,11.3085099,0.127800882
HDB,2025,1,1211.639604,0.074053522,0.006186899,1.334940882,18.23974714,0.356190083,10.6546156,0.108589447
HDB,2025,2,1005.664928,0.058508534,0.004916466,1.242771507,21.67720022,0.130450894,11.13276209,0.097172152
HDB,2025,3,1043.368994,0.057110719,0.004851514,1.668627639,29.71144454,0.071406371,10.4306542,0.138562099
HDC,2020,1,726.0693452,0.036558234,0.016773624,1.988738521,20.86577556,3.633540464,1.146718545,0.341772485
HDC,2020,2,571.5124872,0.030110188,0.013799261,2.195195268,26.59609429,0.242242438,1.216922618,0.373471065
HDC,2020,3,459.2469712,0.027572221,0.011699879,3.061197709,49.10212024,0.22960608,1.522608678,0.578529921
HDC,2020,4,1823.502176,0.112738236,0.041276456,4.021071067,20.26320588,0.501075416,1.917297354,0.730602361
HDC,2021,1,1167.097548,0.065862498,0.023507289,4.088456493,36.9292182,0.846336901,1.695437027,0.857519036
HDC,2021,2,968.8489779,0.05130327,0.019224699,2.740932943,53.56872039,0.787092015,1.642673096,1.018459734
HDC,2021,3,816.519367,0.049944977,0.019632777,4.49729148,90.13870703,1.167540604,1.452371692,1.804975994
HDC,2021,4,1150.690876,0.070915761,0.028362716,5.625557125,82.55909732,-0.165167001,1.544977232,2.174912998
HDC,2022,1,1121.56278,0.064783127,0.024770605,5.867010916,91.83614317,0.249794709,1.682985723,2.151472452
HDC,2022,2,908.1328075,0.049988588,0.018222849,2.004167101,40.74293946,0.221634896,1.800505476,0.705094739
HDC,2022,3,666.3946398,0.043505255,0.015733662,2.620666078,60.69976796,0.08268044,1.73121531,0.945915041
HDC,2022,4,1589.780222,0.096427037,0.037915316,1.697461571,18.17861337,0.686817371,1.37252256,0.706419949
HDC,2023,1,295.58834,0.016754598,0.007054899,1.850301689,108.4278223,-0.678832106,1.377215025,0.768879763
HDC,2023,2,184.6896921,0.010687396,0.004442259,1.640145473,151.6056456,-0.745699869,1.434909779,0.665668253
HDC,2023,3,300.57992,0.017224345,0.007140328,1.77289382,102.4685881,-0.549795292,1.39000184,0.733254178
HDC,2023,4,349.6829869,0.025178871,0.010376903,2.339525449,93.37028458,-0.720410363,1.462705976,0.938772426
HDC,2024,1,9.774015959,0.000586535,0.000236865,2.502508429,3575.807544,-0.964451407,1.489774212,0.993395504
HDC,2024,2,324.2794152,0.024243626,0.010246911,2.001757223,88.96648584,1.511717152,1.261192666,0.876816949
HDC,2024,3,73.32653024,0.005891298,0.002670171,2.137802808,367.534096,-0.588940251,1.151803959,0.983977669
HDC,2024,4,7.649232643,0.000859347,0.000399842,1.986040017,3274.838297,-0.959285385,1.146629641,0.916023423
HDC,2025,1,76.16044187,0.005991204,0.002797085,2.175062758,362.3928554,11.19663549,1.137289786,1.007643107
HDC,2025,2,324.4576893,0.02511233,0.011875487,1.978739834,79.36319851,0.15081437,1.092532576,0.936869739
HDC,2025,3,3015.85141,0.206226574,0.104529334,2.267696577,12.05298108,39.39507611,0.875643983,1.199625495
HDG,2020,1,1535.161447,0.070612397,0.016901859,0.831094556,10.68291549,-0.119133914,3.151699351,0.136757439
HDG,2020,2,2941.401022,0.150795936,0.03885387,1.15067504,6.544500343,1.219768262,2.633950509,0.217744207
HDG,2020,3,832.5988793,0.048875328,0.013750799,1.466456409,29.90635781,-0.327075252,2.478096679,0.281992484
HDG,2020,4,1321.175156,0.073753148,0.021576295,2.142155507,29.5948647,0.293977659,2.36196349,0.430837776
HDG,2021,1,2088.13984,0.094273301,0.028626177,2.220269161,20.68826961,0.719743469,2.227539636,0.474241315
HDG,2021,2,122.32356,0.018346329,0.005478954,2.301766064,357.2492495,-0.853562839,2.471307476,0.452785173
HDG,2021,3,1398.189166,0.054568786,0.016443921,2.743375429,41.48222674,0.322819357,2.181847282,0.621676602
HDG,2021,4,2649.296746,0.11876917,0.038697364,3.209730207,25.1010009,1.028374349,1.96872081,0.817407409
HDG,2022,1,1198.297119,0.053357937,0.018507322,3.394342431,58.4162299,-0.263465709,1.802281347,0.892585451
HDG,2022,2,1851.351816,0.07421331,0.027460922,2.600318754,30.51824052,4.472855374,1.60748053,0.73740933
HDG,2022,3,1026.667255,0.049802613,0.019698599,2.029559466,39.64283443,0.250841235,1.454806149,0.627318141
HDG,2022,4,911.0669448,0.049502316,0.020796429,1.564912256,34.46508534,-0.467164055,1.306795631,0.508484848
HDG,2023,1,1237.637584,0.053114112,0.0239352,1.428689094,24.60332524,0.208031754,1.13590035,0.50500923
HDG,2023,2,144.7898914,0.011072947,0.005250759,1.805599496,267.2838526,-0.823728695,1.081776366,0.658006396
HDG,2023,3,276.0429555,0.014290415,0.006885656,1.612171007,101.9768824,-0.67901108,1.069102553,0.592413423
HDG,2023,4,793.1992438,0.046731531,0.022989812,1.476529247,34.79579717,0.033817647,0.997351616,0.584477297
HDG,2024,1,723.9343255,0.035911639,0.01842229,1.505951352,40.40421758,-0.260117782,0.903057467,0.6271756
HDG,2024,2,190.0166847,0.013215559,0.006970125,1.62120829,148.1448855,0.288861719,0.888937359,0.674904565
HDG,2024,3,409.1367997,0.024291443,0.013004001,1.568864225,68.31455889,0.82793717,0.84741587,0.673454774
HDG,2024,4,-221.6628358,-0.013076542,-0.007021561,1.623041223,-128.5736506,-1.29319814,0.877630014,0.692121967
HDG,2025,1,461.053118,0.027668012,0.014931729,1.461666751,57.15176618,-0.217147064,0.828978555,0.63900382
HDG,2025,2,-49.65709666,0.003554079,0.00193029,1.552438602,-510.5010503,-0.723955911,0.853217228,0.654572025
HDG,2025,3,770.3068935,0.042616745,0.023371899,1.888323946,41.93133967,0.85006089,0.794862458,0.825214178
HHV,2020,1,-43.68456365,NULL,NULL,0.422961757,-270.1182984,NULL,3.117541235,0.088316815
HHV,2020,2,143.8227429,0.007310375,0.001720364,0.63482719,114.7245538,NULL,3.387793863,0.121778019
HHV,2020,3,118.5866113,0.00547794,0.00125712,0.739576733,143.3551378,NULL,3.328259996,0.144893823
HHV,2020,4,311.1544386,0.015972752,0.003684216,0.731595192,54.63524827,NULL,3.342513251,0.141666691
HHV,2021,1,157.1028425,0.008000332,0.001839405,0.935549454,140.0356585,NULL,3.356260726,0.181405495
HHV,2021,2,303.0519007,0.010407132,0.002385087,0.765014016,60.05571969,0.482074042,3.370500164,0.148013709
HHV,2021,3,311.4215657,0.010769809,0.002460768,0.846404272,65.50606075,1.085846383,3.382642665,0.163673544
HHV,2021,4,247.5663097,0.009714502,0.00220858,1.104739345,108.6577573,-0.364978988,3.414260951,0.212206983
HHV,2022,1,253.7941452,0.010295991,0.002328171,0.971443192,94.17080912,0.339122858,3.4303617,0.185985617
HHV,2022,2,268.9471848,0.01020856,0.002303859,0.468472743,43.31705501,0.021772441,3.431770881,0.089719906
HHV,2022,3,237.5318969,0.010259537,0.002316839,0.62275419,57.25546832,-0.008217022,3.424758717,0.119536198
HHV,2022,4,166.2232188,0.007070962,0.001629846,0.404203392,56.67078322,-0.224138426,3.256841497,0.081325527
HHV,2023,1,236.8414898,0.009853109,0.002313456,0.571379009,56.78903647,0.043752944,3.261223904,0.114869171
HHV,2023,2,307.5009267,0.012838318,0.003029772,0.63961287,49.59334647,0.37297132,3.213840232,0.130102392
HHV,2023,3,327.8751515,0.013583879,0.003225834,0.651667464,48.03657712,0.449453559,3.208131986,0.132745356
HHV,2023,4,130.3181444,0.006337836,0.001505456,0.848953607,118.5560159,-0.041978693,3.211676441,0.17293507
HHV,2024,1,233.2089387,0.012282314,0.003062168,0.754082663,66.03520469,0.374342543,2.832626635,0.168346282
HHV,2024,2,265.8592277,0.013143842,0.003435516,0.589768744,45.88894697,0.189917906,2.819203073,0.132099116
HHV,2024,3,240.6100795,0.012336751,0.003238563,0.609287028,50.49663764,0.055322337,2.799575105,0.137153283
HHV,2024,4,270.5394837,0.012143089,0.003304434,0.532292966,43.06210628,1.311740638,2.559715342,0.129438287
HHV,2025,1,338.2978923,0.015582125,0.004425584,0.539548166,36.06289095,0.517595125,2.483299816,0.134325463
HHV,2025,2,275.8827476,0.013111759,0.003828656,0.56759458,44.76539438,0.164733724,2.368724823,0.146870784
HHV,2025,3,259.0611762,0.012805544,0.003815505,0.776886534,62.91950125,0.233287417,2.343805261,0.202455627
HPG,2020,1,827.6803968,0.047107459,0.022065722,0.937685791,20.35809965,0.273032035,1.139466118,0.434362314
HPG,2020,2,993.3912707,0.053691636,0.025078699,1.419081308,26.97829223,0.3441662,1.142315826,0.656907198
HPG,2020,3,1138.66146,0.070376471,0.032897453,1.603784018,23.18511772,1.109393335,1.136353743,0.744606945
HPG,2020,4,1399.776313,0.081618798,0.037437965,2.335315175,29.61187413,1.423203466,1.220734649,1.044286105
HPG,2021,1,2105.933922,0.111694574,0.051798315,2.354712272,22.2229195,2.039603812,1.098746524,1.115693598
HPG,2021,2,2173.390234,0.139011903,0.065230463,3.138465009,23.69569864,2.53653894,1.160037342,1.441441354
HPG,2021,3,2314.312086,0.130766675,0.061897259,2.82573147,22.85776422,1.734612557,1.071056715,1.354862432
HPG,2021,4,1660.534675,0.084741884,0.042050647,2.303770363,27.94280704,0.591899515,0.963379889,1.164431675
HPG,2022,1,1837.045015,0.086501654,0.045079438,2.052855446,24.55029661,0.171402639,0.878041449,1.085455754
HPG,2022,2,693.4446975,0.040453621,0.020453222,1.306920602,32.15829623,-0.587223101,1.076723165,0.624924474
HPG,2022,3,-305.1073088,-0.018038279,-0.00912701,1.266044347,-69.4837501,-1.172518043,0.874118849,0.670674804
HPG,2022,4,-342.4973165,-0.020585854,-0.011287986,1.097432891,-52.5551563,-1.269397422,0.772243365,0.614470446
HPG,2023,1,68.35974629,0.003980553,0.002216839,1.263459292,304.2726331,-0.953300734,0.818874885,0.689518843
HPG,2023,2,251.0913881,0.014903116,0.00823442,1.564878938,104.145348,-0.640074971,0.800968706,0.862765434
HPG,2023,3,344.7668049,0.020233741,0.011438806,1.541283264,76.28344617,NULL,0.737412353,0.881398754
HPG,2023,4,511.24487,0.029294003,0.016435407,1.584672433,54.67047523,NULL,0.826031944,0.865486323
HPG,2024,1,493.670591,0.027527284,0.014724222,1.67015696,61.27567765,6.486850029,0.911867715,0.871036303
HPG,2024,2,518.9389155,0.030980466,0.016250546,1.670169858,54.53435685,1.29280133,0.901137379,0.876117743
HPG,2024,3,472.6123178,0.027412968,0.014457919,1.512932725,55.75394252,0.510561762,0.89110799,0.797313533
HPG,2024,4,439.1081151,0.024816827,0.012891712,1.493007852,60.69120356,-0.053680713,0.958087092,0.759322419
HPG,2025,1,522.8508251,0.028797653,0.014777968,1.4558497,51.16182038,0.167512104,0.939556279,0.747612103
HPG,2025,2,554.555023,0.035485008,0.018105072,1.435777932,40.93371994,0.284659773,0.979613526,0.719307226
HPG,2025,3,519.6190759,0.032114009,0.016430329,1.724931692,54.17430057,0.327825236,0.930513151,0.877699107
HSG,2020,1,454.2483851,0.035156083,0.01197689,0.36040232,10.01654634,2.623943872,1.907705734,0.119054601
HSG,2020,2,716.5204553,0.053054889,0.019037096,0.859256875,15.98000436,0.974918104,1.672224455,0.309536882
HSG,2020,3,1017.298922,0.070939381,0.026434771,1.092601122,15.38387553,4.384574194,1.694145373,0.391591903
HSG,2020,4,1287.474846,0.083656713,0.032586782,1.434409256,17.20421961,2.158472839,1.449099123,0.567189006
HSG,2021,1,2470.844885,0.14427222,0.055789056,1.596454195,11.49404407,4.442319475,1.705136755,0.573110338
HSG,2021,2,3479.631959,0.189082262,0.072120318,2.128833268,12.04150338,4.349834095,1.552860848,0.814456045
HSG,2021,3,1906.979096,0.090977253,0.036349054,2.165491952,24.38411627,1.082268715,1.45739814,0.862081385
HSG,2021,4,1293.516147,0.057712361,0.02576467,1.669104073,28.91343884,0.115918766,1.031369668,0.804814818
HSG,2022,1,475.5986822,0.020592626,0.010397436,1.531573028,73.59145706,-0.786366957,0.930681523,0.777566397
HSG,2022,2,537.0037827,0.022786431,0.011702361,0.689006664,29.98116683,-0.844278962,0.963298421,0.344255377
HSG,2022,3,-1482.616942,-0.078335438,-0.04422006,0.830062222,-9.982349167,-1.942245477,0.564322298,0.519882527
HSG,2022,4,-1137.421951,-0.064617883,-0.041239835,0.693956313,-10.15454291,-2.065656468,0.569617594,0.432701641
HSG,2023,1,428.1192939,0.024897343,0.015647572,0.946108942,37.60634064,0.091001977,0.61217385,0.574371046
HSG,2023,2,23.65592616,0.001363878,0.000850736,0.968244593,695.3860054,-0.946565296,0.594145707,0.595281864
HSG,2023,3,735.8231129,0.041620674,0.025969673,1.130845664,27.18044548,NULL,0.610856924,0.688792928
HSG,2023,4,167.7844469,0.009548175,0.005716364,1.316810696,135.8886382,NULL,0.72929445,0.747104697
HSG,2024,1,518.2242019,0.028980776,0.015658247,1.329617174,45.63661812,0.246741647,0.969215576,0.662885174
HSG,2024,2,443.8491631,0.024556122,0.01311344,1.34987375,53.84712192,18.307805,0.775517532,0.746438907
HSG,2024,3,-294.3877004,-0.016466036,-0.00923088,1.225676575,-72.35356629,-1.412046684,0.792226229,0.670585576
HSG,2024,4,266.5568291,0.015023226,0.008410088,1.050196961,69.21600945,0.601498561,0.780549491,0.578636975
HSG,2025,1,334.1698911,0.01850159,0.011113029,0.961904252,51.47082505,-0.349919187,0.551134681,0.608658245
HSG,2025,2,440.8747113,0.024262359,0.014925151,0.933039302,37.65242046,0.001367442,0.700450585,0.538583769
HSG,2025,3,136.3924526,0.007494932,0.004445256,1.063053611,139.3038957,NULL,0.671754111,0.622635983
HT1,2020,1,274.18147,0.019348295,0.010452274,0.713632191,36.47219486,-0.009092942,0.788641916,0.391245647
HT1,2020,2,546.4279543,0.037884612,0.021390346,0.93793462,24.52290351,-0.000137417,0.753899863,0.524716944
HT1,2020,3,389.0131194,0.026391451,0.015429436,1.06287339,40.1014753,-0.309745178,0.668153904,0.625534461
HT1,2020,4,403.5469661,0.027751052,0.015759979,1.257090989,43.24155914,-0.285378508,0.85877251,0.663283931
HT1,2021,1,248.2693445,0.017416836,0.009861834,1.302945167,73.91166251,-0.094511777,0.674699486,0.763279366
HT1,2021,2,632.9365959,0.043627672,0.02620476,1.11080569,25.27899335,0.158812739,0.65526658,0.658646243
HT1,2021,3,-51.56977626,-0.003516441,-0.00211347,1.616400185,-449.8759095,-1.132291864,0.672410353,0.948576788
HT1,2021,4,139.7473306,0.009934045,0.005889587,1.681623935,159.9314986,-0.65328565,0.702134049,0.96802954
HT1,2022,1,64.86868224,0.004771466,0.002814829,1.789627568,368.4366504,-0.738684615,0.688133847,1.038894179
HT1,2022,2,373.8385681,0.027299205,0.0160069,1.149117326,41.46174665,-0.409599488,0.722628029,0.653873272
HT1,2022,3,95.35985948,0.007081561,0.003960392,1.064155807,144.7149783,NULL,0.8560548,0.560864046
HT1,2022,4,141.2817215,0.01062892,0.005758419,0.790088495,73.25788422,0.011862166,0.835664206,0.4208238
HT1,2023,1,-224.436494,-0.016909205,-0.009188139,1.175037148,-67.27961095,-4.459836433,0.845084101,0.622465461
HT1,2023,2,153.8920734,0.011795046,0.006391319,1.280411655,105.2685797,-0.588337654,0.84588025,0.677833252
HT1,2023,3,-27.16362886,-0.002079122,-0.001141692,1.08142334,-502.5101789,-1.281108529,0.796246236,0.588140532
HT1,2023,4,144.1661584,0.011295915,0.006309254,0.970251122,83.23728767,0.02013542,0.784379919,0.530984658
HT1,2024,1,-64.70395487,-0.005121887,-0.002910615,1.084926101,-206.3243279,NULL,0.734946533,0.610671478
HT1,2024,2,120.1318026,0.009506456,0.005521473,1.033863605,106.5496373,-0.219389127,0.708579143,0.591119452
HT1,2024,3,59.09168258,0.004674055,0.002744851,1.090118327,203.0742649,NULL,0.697136711,0.555309215
HT1,2024,4,43.10041385,0.003401216,0.002010265,1.056797328,271.4591104,-0.699799738,0.686729818,0.542917288
HT1,2025,1,-24.05260639,-0.001884483,-0.001128097,1.079885317,-496.8276538,NULL,0.654235747,0.566476967
HT1,2025,2,294.3783211,0.022872731,0.013915833,1.0598857,40.76387131,1.450427859,0.633252674,0.565687699
HT1,2025,3,224.4856502,0.017219826,0.010566033,1.473576714,75.28320848,2.784867323,0.626249141,0.792497227
IMP,2020,1,832.4844924,0.026030773,0.022440849,1.369522105,50.93187967,0.131948354,0.135657045,1.152427289
IMP,2020,2,736.9115717,0.029694205,0.02518325,2.395369633,76.67134317,0.450647636,0.222961394,1.869504961
IMP,2020,3,763.3373774,0.031618751,0.025367096,2.050456622,62.88176293,0.225897497,0.269271397,1.54436746
IMP,2020,4,1055.597922,0.041853586,0.033765518,2.269519016,53.33470145,0.355091129,0.2114834,1.790455275
IMP,2021,1,627.7862445,0.023898117,0.019554226,2.886397812,117.078067,0.018029875,0.232556543,2.243229579
IMP,2021,2,739.8131061,0.02843864,0.022352408,3.279774433,107.8650802,0.042550121,0.313790182,2.387068768
IMP,2021,3,469.7503122,0.01829215,0.014296252,2.942773224,155.4017062,-0.384609838,0.245844614,2.261010768
IMP,2021,4,998.864858,0.037814678,0.029948987,3.014273459,77.88841441,-0.053744956,0.27880483,2.260446929
IMP,2022,1,788.961551,0.028890534,0.023593898,2.819208293,95.0616667,0.256735964,0.171725574,2.310502634
IMP,2022,2,699.1303626,0.025772975,0.021876325,2.337595463,85.10573018,-0.054990569,0.184795904,1.891521991
IMP,2022,3,836.7819454,0.031028425,0.026031785,2.358236629,74.09337683,0.781333452,0.198873282,1.888338406
IMP,2022,4,1027.984302,0.036844495,0.030693089,2.203512433,58.56120552,0.029152537,0.201904142,1.76272639
IMP,2023,1,1167.308666,0.040254427,0.033521936,1.651403198,40.30639143,0.479550764,0.199814665,1.325620073
IMP,2023,2,1195.043389,0.040704742,0.03259315,2.177475711,51.04417176,0.709328407,0.298684977,1.612130372
IMP,2023,3,1045.496017,0.035251173,0.027829146,2.339772998,65.04089817,0.249424684,0.23582257,1.823122943
IMP,2023,4,1033.494565,0.035319896,0.029655209,1.970854827,54.76564842,0.05562074,0.147769032,1.656038633
IMP,2024,1,884.5162377,0.029269253,0.025450365,2.320241014,77.66957471,-0.204378884,0.152269917,1.944458446
IMP,2024,2,941.7006707,0.031212538,0.026484108,2.632251495,79.96171431,-0.17260021,0.205677211,2.104338149
IMP,2024,3,470.1608003,0.034254252,0.028470167,3.71053509,106.3465945,0.038793793,0.200733426,2.982745729
IMP,2024,4,783.1345723,0.055667851,0.047424022,3.432320757,60.01522811,0.667044953,0.147338498,2.889846951
IMP,2025,1,483.4857138,0.033611457,0.027480704,3.156563032,92.14336377,0.202532845,0.296674901,2.35422182
IMP,2025,2,586.3006978,0.041327837,0.030405394,3.88113659,88.00944668,0.369703743,0.425476843,2.627007565
IMP,2025,3,499.2680891,0.03558837,0.025662675,3.833655632,105.9550994,0.061909221,0.349427512,2.7454936
KBC,2020,1,114.6226395,0.009009426,0.00539554,0.546755394,96.83950789,-0.087737183,0.7557061,0.283517276
KBC,2020,2,-6.326478551,0.001041505,0.000596845,0.68242345,-2189.211563,-0.973353688,0.734339043,0.357743556
KBC,2020,3,-44.34480706,-0.000828531,-0.000461537,0.704563538,-320.2178776,-1.065561525,0.856305238,0.344545106
KBC,2020,4,375.4381061,0.01908185,0.009360697,1.18378295,64.99073909,-0.537593577,1.217265591,0.48628609
KBC,2021,1,1275.546992,0.064963656,0.029254273,1.740021674,29.90873737,6.585174933,1.223825134,0.708930836
KBC,2021,2,86.94585115,0.006489931,0.002950437,1.744502462,441.6541962,6.130941439,1.177876239,0.656299426
KBC,2021,3,-145.5722705,-0.004255031,-0.002055491,1.577138583,-298.8206465,NULL,0.9808468,0.676649278
KBC,2021,4,372.1704512,0.014135129,0.007303779,2.493561334,163.3660055,0.105101422,0.892396879,1.131883501
KBC,2022,1,834.8049438,0.031522182,0.016791099,2.078723141,63.60767314,-0.267638517,0.862991829,0.963583674
KBC,2022,2,-476.2888328,-0.019149987,-0.010284776,1.750314029,-68.65581921,-5.149791233,0.860936787,0.807368846
KBC,2022,3,2499.557041,0.109549669,0.060070948,1.369092053,11.6020557,NULL,0.790276426,0.666974571
KBC,2022,4,-660.9205424,-0.030694103,-0.016402147,1.156084893,-36.61559665,-3.521861146,0.956037963,0.532165303
KBC,2023,1,1225.549024,0.057492986,0.030181867,1.094399508,19.78705015,1.018646611,0.856590848,0.530430195
KBC,2023,2,1276.72439,0.051973057,0.0293961,1.247051685,22.98851673,NULL,0.684508067,0.667239402
KBC,2023,3,18.0019605,0.000924929,0.000549477,1.363539275,1783.13912,-0.990420505,0.682071637,0.730138967
KBC,2023,4,125.2258899,0.007845372,0.004704292,1.340878285,253.5418196,NULL,0.653450905,0.728937325
KBC,2024,1,-111.6433933,-0.003801999,-0.002108895,1.483013375,-313.0503199,-1.072639968,0.952796302,0.681991856
KBC,2024,2,314.0443475,0.013437566,0.006792492,1.214357558,92.34364583,-0.730732508,1.003457072,0.544215568
KBC,2024,3,255.599144,0.009819798,0.004840344,1.168352385,110.329008,9.862369328,1.053775624,0.511192413
KBC,2024,4,39.55298735,0.001249129,0.000591937,1.125077091,687.6850985,-0.836910756,1.166632516,0.466775866
KBC,2025,1,1019.681412,0.040300088,0.01716511,1.216471766,30.05840809,NULL,1.521792487,0.434051642
KBC,2025,2,430.290836,0.017015811,0.006446638,1.053881443,62.16725471,0.473355516,1.737919793,0.358027761
KBC,2025,3,326.2844896,0.012052126,0.004556306,1.404172398,110.6396447,0.548198367,1.553681099,0.51079723
KDC,2020,1,54.56533936,0.005849028,0.004052283,0.75283818,263.9037926,0.11466015,0.426151861,0.253134437
KDC,2020,2,189.0260759,0.010641498,0.007181243,1.606067852,150.2438214,0.205169895,0.540140373,0.483866955
KDC,2020,3,506.8252929,0.015301982,0.010074916,1.992636349,72.01692677,1.273768269,0.497744713,0.632110538
KDC,2020,4,221.5469979,0.009843679,0.006343942,2.211837373,167.0074537,1.323214792,0.607189567,0.683906403
KDC,2021,1,410.6931475,0.017369813,0.010658988,3.044701503,127.8326661,1.82115778,0.651614314,0.928191715
KDC,2021,2,1092.617873,0.028959269,0.017125197,3.502075449,56.56140314,1.665646916,0.730225433,1.036997109
KDC,2021,3,500.2105475,0.015769169,0.009154906,3.193418344,116.550921,0.038149738,0.714861542,0.971589138
KDC,2021,4,519.7798744,0.021554049,0.011523577,2.786933224,103.8901325,1.086610048,1.051168633,0.961513954
KDC,2022,1,424.6239963,0.017658695,0.008933586,2.809295793,126.7003289,-0.102160946,0.901501585,1.042468688
KDC,2022,2,819.1308815,0.031751546,0.016613655,3.324253576,79.23031772,-0.041247437,0.920727844,1.23032168
KDC,2022,3,94.56549948,0.004316349,0.002242089,3.168334832,660.9175687,-0.760100366,0.929502533,1.188573595
KDC,2022,4,98.42545558,0.000761473,0.000388963,3.243481574,660.398264,-0.966642451,0.985727143,1.193845638
KDC,2023,1,-1240.133069,-0.021588184,-0.011057353,3.221941316,-49.10763331,-2.243438019,0.918303949,1.183354344
KDC,2023,2,3570.459672,0.097590098,0.054789139,2.698385727,17.5327565,2.278878593,0.659218102,1.251100578
KDC,2023,3,286.4128407,0.010313289,0.00629025,2.723177658,224.1519613,1.727076669,0.62082153,1.253010183
KDC,2023,4,-1982.524288,-0.067084016,-0.039995871,3.234025002,-31.77766869,-96.50492753,0.741798459,1.358985221
KDC,2024,1,35.65106439,0.003039549,0.001829751,3.187654568,1753.103338,NULL,0.58079974,1.481179042
KDC,2024,2,26.44700751,0.001426981,0.000893328,3.042835348,2079.63037,-0.985810914,0.614061186,1.393081742
KDC,2024,3,84.17467965,0.003003208,0.001799678,2.831196394,613.010946,-0.737628738,0.722391257,1.201422731
KDC,2024,4,-14.75929551,0.001873899,0.001047423,3.403417075,-3956.828425,NULL,0.855365033,1.25558399
KDC,2025,1,-260.4857112,-0.009305131,-0.004942598,3.260101591,-212.6796121,-4.107418462,0.910169435,1.1677271
KDC,2025,2,355.9529488,0.017292619,0.009238153,3.328288485,161.5382038,11.28409248,0.833688645,1.258634165
KDC,2025,3,179.2120836,0.009199183,0.005068079,2.944332191,288.4850115,2.10207019,0.796701242,1.145935535
KDH,2020,1,266.9681444,0.019989894,0.011569183,1.376065011,69.29665725,0.511548678,0.738925571,0.787383558
KDH,2020,2,438.5955116,0.033028506,0.018086681,1.780186349,52.89611815,1.255143847,0.916166744,0.925334781
KDH,2020,3,624.8220503,0.04719244,0.024780941,1.811916387,38.81105026,0.221654669,0.892910782,0.953452006
KDH,2020,4,661.1448202,0.048089371,0.026785019,2.08618662,44.31706807,-0.055139882,0.702430659,1.220812077
KDH,2021,1,319.0805055,0.025021241,0.015065951,2.349497366,95.43046182,0.335663621,0.620157226,1.444742654
KDH,2021,2,414.3724741,0.031277769,0.019329167,2.792847505,90.61895358,0.04858135,0.616243362,1.721475652
KDH,2021,3,492.3872308,0.034270876,0.022185466,2.737217204,84.48635016,-0.125479352,0.481464467,1.841479692
KDH,2021,4,644.3760906,0.041400448,0.02871339,3.219230926,79.1463258,0.082024523,0.4038551,2.285180767
KDH,2022,1,465.8223727,0.028069359,0.018887861,3.237638629,113.3479264,0.450463317,0.561566969,1.951329047
KDH,2022,2,516.6611664,0.028977416,0.017732554,2.330189204,75.2911241,0.22308241,0.705328257,1.291433563
KDH,2022,3,490.5245783,0.029930338,0.016886546,1.759051743,57.18367895,0.088779626,0.83766636,0.936501461
KDH,2022,4,166.9236079,0.009514754,0.005193901,1.643612561,158.7552554,-0.730548364,0.826206256,0.881924593
KDH,2023,1,279.3574716,0.01706935,0.009509635,1.684237239,98.79814504,-0.329344991,0.763619508,0.953585857
KDH,2023,2,344.4886594,0.020292365,0.011711085,1.812955096,89.40787791,-0.214644557,0.705778951,0.961190071
KDH,2023,3,289.5037728,0.014592608,0.009058316,1.765732352,112.7791866,-0.390667884,0.527669501,0.999450774
KDH,2023,4,76.26212194,0.004041974,0.002499131,1.865946371,411.7378222,-0.441770153,0.705912718,0.94779885
KDH,2024,1,79.26925819,0.004111729,0.002381161,2.235735044,476.8557303,-0.681913475,0.747551527,1.10926505
KDH,2024,2,348.4612931,0.017843781,0.010052922,2.146225147,105.8941143,0.094427601,0.802020612,1.034921715
KDH,2024,3,88.02123896,0.003824868,0.002208075,1.849366804,441.9387918,-0.684152637,0.67375574,0.98379552
KDH,2024,4,393.779263,0.020511289,0.012608864,2.098472359,91.67572647,5.305664287,0.581094658,1.186766987
KDH,2025,1,120.6014139,0.006082187,0.003893348,1.881831282,270.3119221,0.855456817,0.543415796,1.091436202
KDH,2025,2,196.8413574,0.009994608,0.006387516,1.683434069,149.3588562,-0.299415637,0.585851944,0.951145395
KDH,2025,3,210.0889528,0.026238672,0.016348811,2.103283705,160.8842328,6.925257397,0.623378355,1.146610304
KOS,2020,1,58.78747499,0.005332433,0.003317528,2.496465347,467.7867183,-0.282296791,0.67900138,1.486875101
KOS,2020,2,11.413785,0.001035613,0.000622532,2.983588915,2882.479387,-0.758632651,0.648117639,1.810300943
KOS,2020,3,17.4068308,0.001577321,0.000916953,2.797799218,1775.165184,-0.71228007,0.792121146,1.561166344
KOS,2020,4,155.5081237,0.013983295,0.007607482,2.170109822,156.2619329,0.935589803,0.883445524,1.152202065
KOS,2021,1,52.89383743,0.006040727,0.003685874,2.348934097,465.082535,0.43119423,0.474499367,1.59303839
KOS,2021,2,22.85347065,0.002179871,0.001462056,2.753721372,1264.578166,2.184936541,0.507392211,1.826811464
KOS,2021,3,16.47113914,0.001568213,0.00103121,2.896865842,1848.688165,0.505158501,0.534088516,1.888330309
KOS,2021,4,32.21177867,0.003491274,0.002137772,3.084808863,998.0821094,-0.567442902,0.709056803,1.79938851
KOS,2022,1,17.66898824,0.001696807,0.000975716,3.486139578,2060.10664,-0.559664542,0.768961379,1.964618596
KOS,2022,2,58.69953906,0.00571215,0.003115126,3.257334154,582.6280844,2.443773874,0.898037304,1.71065851
KOS,2022,3,13.02016026,0.001266759,0.000672539,3.391232076,2738.061535,0.063304789,0.86907572,1.80852473
KOS,2022,4,10.93919617,0.000922694,0.00046306,3.611019905,3473.747011,-0.698003514,1.116010383,1.701205957
KOS,2023,1,21.59871588,0.002059153,0.000983864,3.61784845,1766.308711,0.225490976,1.069884618,1.742389394
KOS,2023,2,26.38520735,0.002555183,0.001230788,3.604088807,1443.990926,-0.548926163,1.082210069,1.725391065
KOS,2023,3,21.25625656,0.002060731,0.000987826,3.710143258,1848.86741,0.638530939,1.090038618,1.769417777
KOS,2023,4,28.05530178,0.002532192,0.001220094,3.73329731,1413.28011,1.767506046,1.060812073,1.80591469
KOS,2024,1,13.27404929,0.001282998,0.000623077,3.545261531,2840.12807,-0.371410274,1.057453227,1.717697207
KOS,2024,2,47.02917329,0.004417415,0.002153574,3.679450947,835.6515169,0.745070117,1.044978484,1.793579269
KOS,2024,3,51.85385069,0.004901183,0.002399971,3.50793983,726.0791532,1.406399363,1.039403382,1.714549598
KOS,2024,4,-13.14294975,-0.00122246,-0.000591765,3.601412634,-2925.522864,-1.487240587,1.092312203,1.715765195
KOS,2025,1,12.05203592,0.001161564,0.000556294,3.611385638,3202.778374,-0.089886591,1.083770755,1.727511323
KOS,2025,2,19.97937761,0.001836684,0.000885341,3.618655331,1939.499856,-0.582595871,1.06534437,1.74648599
KOS,2025,3,50.87279665,0.00479541,0.00231744,3.643369729,770.5493422,-0.019081941,1.073177753,1.751671958
LPB,2020,1,497.1153443,0.037874919,0.002398369,0.434165071,11.26499124,0.183753059,14.53182989,0.026959536
LPB,2020,2,328.1985278,0.024437034,0.001539064,0.630230678,24.98487746,-0.342208974,15.22096654,0.037481897
LPB,2020,3,603.0523709,0.043735791,0.002767867,0.838265271,18.90383083,0.425183727,14.3995218,0.052539365
LPB,2020,4,434.0695219,0.033322731,0.002053472,0.968560385,28.56685249,0.613049131,16.02835981,0.054986219
LPB,2021,1,816.0638776,0.059779227,0.003597464,1.273451568,21.26059059,0.805751396,15.22960374,0.07603736
LPB,2021,2,689.0621488,0.048311723,0.002957799,2.139689876,43.46487476,1.3094722,15.4348127,0.125971786
LPB,2021,3,508.2634112,0.038591674,0.002398421,1.664026435,42.59602309,0.038343311,14.75911055,0.10233866
LPB,2021,4,535.0989509,0.039081231,0.002368593,1.645596215,41.67453508,0.380673487,16.21199834,0.092809943
LPB,2022,1,1147.100508,0.081130723,0.004949498,1.511742137,18.8736731,0.620097061,14.63537568,0.094116136
LPB,2022,2,1158.324594,0.075563363,0.004897895,0.83900806,11.26627205,0.937472738,14.23612988,0.05371392
LPB,2022,3,656.3555424,0.045755274,0.003212526,0.847121518,19.65398198,0.613243186,12.40389022,0.061873951
LPB,2022,4,386.267958,0.028156158,0.00208319,0.961235717,33.91428082,0.037044283,12.62476611,0.069112334
LPB,2023,1,719.0516103,0.05038398,0.00373962,1.074636648,21.41709966,-0.124907885,12.32873435,0.078969431
LPB,2023,2,409.593315,0.027885722,0.002060487,1.051115821,36.98790836,-0.506351568,12.7367899,0.074793673
LPB,2023,3,388.1923986,0.038196639,0.002774514,1.374749032,35.67818445,0.006042232,12.79601488,0.096929986
LPB,2023,4,1027.460562,0.086717777,0.007023394,1.208302564,15.32905552,2.934507964,10.22193306,0.105213718
LPB,2024,1,898.7512692,0.065179305,0.005800108,1.259883608,19.52709343,0.848814782,10.2522828,0.109541561
LPB,2024,2,946.8354929,0.064789835,0.005682293,1.922755897,29.78342089,2.41928752,10.54432601,0.162963314
LPB,2024,3,911.3098373,0.059002493,0.005188809,2.058298152,35.05942621,1.347566098,10.2078104,0.179278213
LPB,2024,4,893.7274454,0.063561914,0.005538261,2.205753497,34.96591736,0.015969709,10.72935713,0.183645452
LPB,2025,1,848.23124,0.056807345,0.005026469,2.214881805,39.19921648,0.102340014,9.897549226,0.198696136
LPB,2025,2,802.0236857,0.05534974,0.00472788,2.428550067,40.21078252,-0.010641953,11.61952038,0.187572887
LPB,2025,3,924.5909518,0.065635844,0.005247176,3.484959196,53.53718842,0.185016525,11.40510582,0.274266266
MBB,2020,1,710.0572633,0.042514912,0.004357525,0.800014051,19.08296795,-0.077475425,8.248868245,0.080321084
MBB,2020,2,938.2760376,0.053232239,0.005769079,0.939443687,17.69202168,0.195811506,8.206320739,0.094939033
MBB,2020,3,977.479223,0.051530982,0.00570989,1.059518889,20.20503304,0.095951459,7.852641827,0.111489769
MBB,2020,4,696.2158201,0.040877194,0.004359792,1.366251572,33.03573308,0.043445588,8.879983062,0.128857648
MBB,2021,1,1269.423949,0.070626409,0.007289368,1.571103103,22.17541274,1.056433012,8.510828141,0.154190919
MBB,2021,2,927.5639574,0.04979999,0.005279935,2.333009944,46.73532176,0.142628442,8.356156763,0.231832821
MBB,2021,3,799.8725832,0.054402407,0.005787614,1.920675448,34.8180455,0.288409116,8.441279548,0.18939393
MBB,2021,4,933.2354966,0.061028447,0.006368424,1.879073256,30.96753189,0.841797595,8.716419606,0.179848839
MBB,2022,1,1203.234999,0.072967312,0.007525102,1.990945579,27.38450928,0.2891473,8.677981755,0.191815207
MBB,2022,2,1223.612565,0.069490566,0.007333844,1.380033301,19.77750204,0.755658036,8.283656015,0.138901631
MBB,2022,3,1076.13761,0.068587601,0.007657188,1.275060347,18.58498376,0.612606827,7.652421261,0.138062027
MBB,2022,4,757.4198287,0.046295658,0.005197325,1.043022743,22.57664686,-0.02765048,8.150897077,0.106421026
MBB,2023,1,1108.001183,0.063335366,0.006990637,1.04328898,16.47110154,0.101368852,7.974684373,0.108766357
MBB,2023,2,1079.292009,0.058329887,0.006359213,1.137311495,18.71597292,0.039346709,8.367326511,0.113597433
MBB,2023,3,1273.330979,0.065462955,0.007176676,0.97243631,14.52882268,0.156071757,7.891171599,0.102807629
MBB,2023,4,956.3263557,0.053536126,0.005730339,1.067682453,19.50171078,0.401404769,8.770885281,0.102907342
MBB,2024,1,857.3152905,0.046696851,0.005011069,1.404605419,29.62737313,-0.111676831,7.88725563,0.149106047
MBB,2024,2,1135.767236,0.059370698,0.006459681,1.195708472,19.54625851,0.224697738,8.486301143,0.119158214
MBB,2024,3,1091.180249,0.054551165,0.005792974,1.308826062,23.55247909,0.003905882,8.350929865,0.132552471
MBB,2024,4,1184.276335,0.056205248,0.005915426,1.205666355,21.19437775,0.264917877,8.64296175,0.117991326
MBB,2025,1,1076.277703,0.055453903,0.005840509,1.257243952,22.39199041,0.443461767,8.354378123,0.127117802
MBB,2025,2,963.182953,0.047754901,0.00490869,1.301001061,26.78618835,-0.015941867,9.090825481,0.122079112
MBB,2025,3,691.6230991,0.044465815,0.004430854,1.676758575,37.88190423,-0.007359018,8.982364333,0.158849393
MSB,2020,1,NULL,0.01499007,0.001439141,NULL,NULL,2.654821839,9.272633792,NULL
MSB,2020,2,NULL,0.035851175,0.003444665,NULL,NULL,0.354533886,9.537939913,NULL
MSB,2020,3,NULL,0.034799525,0.003340425,NULL,NULL,0.381650716,9.301384025,NULL
MSB,2020,4,581.532766,0.041366226,0.003982092,1.323231726,32.32835895,2.893186791,9.471082682,0.125015829
MSB,2021,1,776.7095938,0.05186113,0.004943009,1.435609326,28.13149236,3.006085003,9.511486218,0.135256119
MSB,2021,2,1365.837511,0.082977611,0.008541273,1.736437705,22.11097569,1.87167475,8.017418579,0.190806865
MSB,2021,3,688.9795745,0.038924051,0.004276127,1.631035839,42.52665984,0.463333116,8.183938153,0.176087992
MSB,2021,4,488.5512275,0.034448397,0.003738989,2.026422101,59.35917948,0.092142409,8.241646699,0.217501328
MSB,2022,1,752.3031097,0.050900375,0.005754258,1.690846046,33.76298685,0.278739402,7.468180476,0.198213746
MSB,2022,2,976.7548282,0.062566514,0.007635621,1.065346227,17.40457227,-0.055864363,6.936203186,0.133127507
MSB,2022,3,605.7001133,0.047752712,0.006180099,1.284461397,27.32375252,0.485723568,6.527389618,0.169244111
MSB,2022,4,388.9250913,0.029448897,0.003795518,0.939352392,32.13986518,0.034901951,6.982887145,0.116657384
MSB,2023,1,613.1587561,0.044558446,0.005432605,0.900852554,20.54932735,0.059554816,7.410681889,0.106256046
MSB,2023,2,814.61614,0.05625065,0.006835669,0.85376748,15.46740775,0.084203478,7.056660298,0.105209291
MSB,2023,3,667.4062697,0.044113831,0.005441977,0.899160592,20.60214389,0.101875755,7.154065843,0.109544719
MSB,2023,4,241.854,0.015637323,0.001873907,0.836066386,53.75143682,-0.37368511,7.531025287,0.097376148
MSB,2024,1,596.9735,0.037543534,0.004375072,0.906148545,24.37294118,-0.019409813,7.629886392,0.104379809
MSB,2024,2,864.9815,0.05227635,0.00602431,0.849631352,16.53214549,0.069446917,7.723029968,0.096772728
MSB,2024,3,376.3426923,0.028315781,0.003282213,0.968868067,34.6758427,-0.261684507,7.534733906,0.112836418
MSB,2024,4,621.9138462,0.044884738,0.00520892,0.827205757,18.73249819,2.342876281,7.695527761,0.094612465
MSB,2025,1,486.7696154,0.033822324,0.003986928,0.838543388,25.06319132,0.060014389,7.277795693,0.100785713
MSB,2025,2,475.9584615,0.032004338,0.003772505,0.79741044,25.2122842,-0.284671406,7.682597242,0.091406796
MSB,2025,3,408.3913462,0.031907023,0.003656134,1.016596203,32.19950698,0.3021898,7.770008117,0.115351309
MSN,2020,1,-66.81914586,-0.00418256,-0.002138161,1.871883933,-733.3227531,-1.216388055,1.037678308,0.545115053
MSN,2020,2,167.126568,0.001314446,0.000517975,5.519713708,323.706761,-0.954346168,2.363537386,0.602263565
MSN,2020,3,724.8779926,0.032519634,0.009078006,11.01138824,75.32302064,-0.598919113,2.821008839,0.586994564
MSN,2020,4,225.7851308,0.021795131,0.005194579,149.2926837,393.7371769,-0.665710808,3.623862243,0.902302044
MSN,2021,1,159.5068355,0.013590896,0.002954538,82.06266955,579.9124513,NULL,3.576503317,0.934561279
MSN,2021,2,670.2412051,0.037066447,0.008891347,20.36970246,166.2088203,18.3622629,2.83936163,1.089601832
MSN,2021,3,971.9799003,0.049725606,0.012997748,24.0798595,146.7108527,0.631080699,2.812449055,1.364255175
MSN,2021,4,5452.455606,0.190589964,0.057067283,9.381417867,31.36201601,11.18162435,1.978352445,1.600966574
MSN,2022,1,1351.828126,0.04792844,0.015136923,10.23741484,105.1908873,4.529038809,2.38294409,1.350712042
MSN,2022,2,688.9751529,0.032167289,0.009736742,8.678380767,162.5602891,0.153219575,2.228662082,1.273010064
MSN,2022,3,381.5028062,0.022607778,0.006629985,10.72291688,259.5000571,-0.469856247,2.607461766,1.097465778
MSN,2022,4,314.0002937,0.022247325,0.00595724,9.751453428,296.1780669,-0.887123156,2.857952942,0.936774924
MSN,2023,1,150.9526297,0.011918471,0.003061028,7.929091747,515.3934724,-0.768096432,2.928830774,0.759795846
MSN,2023,2,73.95670937,0.011501665,0.002994586,7.532370941,1016.811059,-0.646722744,2.75379015,0.760083423
MSN,2023,3,33.97847715,0.012818225,0.003389021,7.412576282,2245.53913,-0.4238737,2.81035933,0.748798729
MSN,2023,4,35.02130267,0.013544042,0.003534041,6.632825928,1913.121297,-0.356887029,2.85444839,0.650456302
MSN,2024,1,72.93320818,0.012426273,0.003258533,7.179179676,1017.369205,0.089657322,2.773093937,0.724589335
MSN,2024,2,349.4117809,0.022247564,0.006223674,4.925246848,213.7878689,1.204078875,2.407901141,0.682337551
MSN,2024,3,487.4128076,0.029776093,0.008346319,6.476572127,155.3098294,1.685197301,2.746729231,0.705698345
MSN,2024,4,480.4492809,0.037751919,0.010246308,4.902725587,145.6969607,1.99270477,2.621499358,0.68221571
MSN,2025,1,273.5770554,0.023383218,0.006762403,4.503997759,244.1725235,1.052914163,2.30388492,0.67118712
MSN,2025,2,717.6214688,0.038115927,0.012147504,4.731916349,107.0202096,0.711882718,1.964905747,0.894698978
MSN,2025,3,794.9105014,0.044099371,0.015241966,4.986852044,101.8982638,0.43407637,1.823884294,1.014904154
MWG,2020,1,2496.677141,0.088715898,0.028815171,2.0008801,23.5913563,0.08740512,1.755853505,0.724006425
MWG,2020,2,1972.400678,0.064692165,0.023782714,2.572412805,40.96530736,-0.171496765,1.686651949,0.954963788
MWG,2020,3,2099.806414,0.064491773,0.024054284,3.109444772,49.67124554,0.111626517,1.675880175,1.159277758
MWG,2020,4,2080.832879,0.061383591,0.021695241,3.48434142,57.14058116,0.095666495,1.980242729,1.166358503
MWG,2021,1,2870.412071,0.082541955,0.027881013,3.574017877,45.18515,0.182412966,1.942486009,1.211901307
MWG,2021,2,2552.078458,0.068934634,0.023380122,3.965100103,59.55929746,0.356939235,1.95394744,1.339501469
MWG,2021,3,1101.667911,0.042399948,0.015102406,4.854199743,116.0059204,-0.173737795,1.665315115,1.817559853
MWG,2021,4,2191.936258,0.079790131,0.027642231,4.772312843,61.9999781,0.659044915,2.090690317,1.538093922
MWG,2022,1,1973.247279,0.068513422,0.023058638,4.914058262,73.88835732,0.079641986,1.859688642,1.711208454
MWG,2022,2,772.0185559,0.051144498,0.018598432,4.690107191,92.61435422,-0.068395073,1.643093805,1.767320464
MWG,2022,3,619.2100335,0.039668505,0.015050415,4.033333431,103.3574983,0.153953523,1.628611062,1.528463886
MWG,2022,4,423.0221424,0.026204194,0.010571085,2.632910713,101.4131311,-0.604031917,1.332974216,1.124382162
MWG,2023,1,14.53278798,0.000888832,0.000387803,2.363740472,2652.622474,-0.985274937,1.250994735,1.046257445
MWG,2023,2,11.89417972,0.000738101,0.000307429,2.737407919,3640.435996,-0.984598541,1.555419048,1.06730353
MWG,2023,3,26.47249029,0.001669408,0.000657822,3.31975386,1986.968337,-0.957193698,1.520172459,1.312539527
MWG,2023,4,61.71203553,0.00387384,0.001521068,2.689206708,693.543806,-0.854095633,1.573303711,1.041362196
MWG,2024,1,617.025721,0.036562284,0.014604751,2.964170027,82.81664485,41.43034775,1.440775226,1.176151483
MWG,2024,2,801.5239544,0.044652961,0.018118439,3.50258846,77.85169695,66.32441921,1.487835559,1.385516766
MWG,2024,3,547.0886348,0.029981457,0.012138093,3.709365189,124.4770877,19.75920608,1.452746398,1.488793348
MWG,2024,4,579.5508272,0.030764913,0.012409461,3.219117914,105.2539262,8.434928388,1.504759109,1.265663713
MWG,2025,1,1057.785696,0.053566871,0.021630327,2.948821701,55.7768934,0.714151793,1.449657808,1.18641288
MWG,2025,2,1114.659922,0.055542291,0.021571088,3.274003527,58.76231726,0.413810732,1.698592559,1.195644687
MWG,2025,3,1197.802304,0.057711327,0.022117512,3.664087537,64.86880158,1.213571002,1.52501789,1.430791377
NAB,2020,1,NULL,0.022531245,0.001171749,NULL,NULL,-0.526465638,18.36569975,NULL
NAB,2020,2,NULL,0.009148607,0.000456978,NULL,NULL,-0.579098421,19.66826322,NULL
NAB,2020,3,NULL,0.026308999,0.00131176,NULL,NULL,0.437158942,18.54418536,NULL
NAB,2020,4,1078.703016,0.077466692,0.003880151,1.095431863,13.72018042,0.760468449,19.35458047,0.050295227
NAB,2021,1,805.8222017,0.054228041,0.00270584,1.04009015,18.49043122,2.254823308,18.74419759,0.049443427
NAB,2021,2,1073.036231,0.067940771,0.00345885,1.441922422,20.68895659,9.512353518,18.54759383,0.069569807
NAB,2021,3,610.4500541,0.036709146,0.001914177,1.230108932,32.27127243,0.886564294,17.82074066,0.061810564
NAB,2021,4,653.1450586,0.037846596,0.001996061,1.181722782,30.16175311,-0.394508916,18.09539228,0.058680169
NAB,2022,1,785.4116205,0.053151176,0.003263763,1.221398723,25.97364168,0.401726411,13.30282864,0.082306168
NAB,2022,2,639.4852198,0.036261801,0.002514982,0.785214671,21.26710607,-0.142920144,13.52985496,0.052170152
NAB,2022,3,645.2039657,0.045258038,0.003165058,0.893878991,19.52870824,0.959973155,13.07950321,0.061303885
NAB,2022,4,385.6092089,0.026105085,0.001856883,0.581544285,21.78371213,0.094815615,13.03808873,0.040038866
NAB,2023,1,719.8441038,0.047119062,0.003276256,0.670163128,13.8918968,0.181786972,13.71123748,0.043547406
NAB,2023,2,717.3323919,0.044966859,0.003077607,0.903215256,19.65615962,0.446398624,13.51494229,0.0596125
NAB,2023,3,392.7350249,0.029670591,0.002042138,1.093742054,35.9020691,-0.239127449,13.54299323,0.072156404
NAB,2023,4,935.325214,0.067187362,0.004750367,1.104216635,16.3579467,2.031967597,12.77109982,0.077123996
NAB,2024,1,754.3956577,0.051149358,0.003746737,1.144697186,22.07064666,0.309996209,12.53774653,0.081492642
NAB,2024,2,918.4307935,0.059052107,0.004366496,1.031329786,17.36657799,0.600424919,12.51087469,0.073720113
NAB,2024,3,658.1079249,0.050081429,0.003721591,1.281249067,25.37577709,1.094628547,12.4057496,0.092478309
NAB,2024,4,704.3762417,0.052112516,0.003995347,1.170140713,22.64414819,-0.02306053,11.70853429,0.089308824
NAB,2025,1,711.1723483,0.04942109,0.003847688,1.163794777,23.41204637,0.222929106,11.97396915,0.087141572
NAB,2025,2,753.8308864,0.04991966,0.003586076,1.112494718,22.21983777,0.064763342,13.82113042,0.073031645
NAB,2025,3,601.1296423,0.047410624,0.002981268,1.162898436,24.45395962,0.184940848,15.93462839,0.066882398
NKG,2020,1,227.9781121,0.013659643,0.005265155,0.284645911,19.30009842,NULL,1.602254797,0.100622006
NKG,2020,2,100.5827989,0.005714881,0.002197157,0.446118763,70.98629265,-0.872398232,1.599789121,0.157661514
NKG,2020,3,480.3589259,0.027200966,0.010317481,0.507436707,17.42447064,12.30590391,1.672020237,0.174999723
NKG,2020,4,895.2525338,0.049196637,0.019528538,0.87989656,16.75504892,20.52003915,1.371332982,0.342013287
NKG,2021,1,1751.581623,0.095431744,0.036134571,1.337227934,13.64481089,6.683113117,1.886131726,0.430634313
NKG,2021,2,4656.30965,0.209994161,0.0704853,1.493384329,7.624063404,47.98477262,2.050561877,0.463313924
NKG,2021,3,2777.824368,0.123193079,0.040801619,1.919436938,15.92973282,6.342781266,1.99225689,0.61194442
NKG,2021,4,2071.226164,0.082238531,0.02902009,1.543679639,18.70872466,1.937674256,1.68776779,0.550161943
NKG,2022,1,2310.278087,0.084757138,0.031858782,1.724536991,20.40879852,0.58999806,1.635290286,0.629340962
NKG,2022,2,765.186213,0.032519148,0.012323232,0.799011826,23.26231144,-0.762278501,1.642456588,0.288245972
NKG,2022,3,-1590.282701,-0.070446506,-0.02607146,0.884233862,-11.50738796,-1.690134939,1.766004256,0.303778157
NKG,2022,4,-1573.725317,-0.074966695,-0.028261481,0.640328531,-7.784077609,-1.915937566,1.530384422,0.239596662
NKG,2023,1,-187.1419314,-0.009313208,-0.003759277,0.824059775,-82.2904834,-1.09720471,1.423813046,0.317950952
NKG,2023,2,476.2832611,0.023564076,0.010059403,0.900463815,36.217943,-0.377559014,1.26299551,0.37290046
NKG,2023,3,89.8651164,0.004382524,0.001943923,1.023588228,219.7738209,NULL,1.246005836,0.427503017
NKG,2023,4,66.94289902,0.003252223,0.00144473,1.274806499,368.2242682,NULL,1.256174514,0.530411532
NKG,2024,1,570.158193,0.027302015,0.011900201,1.287839561,44.98751454,NULL,1.331296588,0.519757438
NKG,2024,2,834.2307212,0.038663589,0.016965674,1.135261401,28.22960052,0.751543229,1.228508684,0.480676788
NKG,2024,3,246.3117442,0.011141294,0.004861026,1.052326633,89.72369576,1.740904971,1.354715406,0.422174275
NKG,2024,4,41.14485628,0.003141369,0.001349048,1.165225269,351.198213,0.044864454,1.30252928,0.478391773
NKG,2025,1,146.1328259,0.009770943,0.00471639,0.932703151,102.6463418,-0.564287533,0.891383138,0.472253171
NKG,2025,2,204.646848,0.012134202,0.005965069,0.813184901,64.50135991,-0.58297081,1.17582328,0.358185026
NKG,2025,3,110.6693954,0.006511356,0.003004956,1.076537934,159.0322233,-0.23618182,1.157983268,0.478190052
NLG,2020,1,442.2132167,0.018705885,0.010771391,0.970401001,45.22705167,-0.226021104,0.733212217,0.456883639
NLG,2020,2,273.7905692,0.010877983,0.005976486,1.213500454,89.48445548,-0.490123699,0.908623212,0.517453548
NLG,2020,3,117.1881406,0.005205039,0.002735922,1.269254652,219.7321322,-0.801425324,0.896366844,0.544774532
NLG,2020,4,2277.088694,0.097811616,0.050117333,1.454396507,12.95513876,0.131345391,1.002853862,0.603311465
NLG,2021,1,1327.058319,0.044344608,0.022051849,1.46154827,26.3741235,2.13167204,1.016459053,0.487514226
NLG,2021,2,164.768597,0.0049467,0.002423355,1.722707288,236.6955883,-0.291992567,1.066415899,0.557195382
NLG,2021,3,860.6105979,0.026018013,0.013380747,1.655023371,48.74446132,8.125721197,0.85383236,0.600602414
NLG,2021,4,943.6957715,0.057779016,0.032136021,2.759095867,68.03039914,0.214097324,0.744482889,1.036586019
NLG,2022,1,1.646213831,0.002460923,0.001385002,2.457941564,34260.43381,-0.910864709,0.810829817,0.921718511
NLG,2022,2,288.9722038,0.014956697,0.007966232,1.588017497,123.8873481,2.994231491,0.945073795,0.551867194
NLG,2022,3,20.64688506,0.003960739,0.002020427,1.342715804,1467.533718,-0.82748008,0.97544295,0.454566279
NLG,2022,4,1141.373992,0.044955025,0.022418922,1.333394483,27.1602474,-0.232698625,1.034130251,0.438296766
NLG,2023,1,17.78217014,0.001231122,0.000597347,1.158490149,1507.127633,-0.502845188,1.088370996,0.376422259
NLG,2023,2,315.4778932,0.017665361,0.008555173,1.414235562,104.603209,0.203830125,1.041550176,0.470674401
NLG,2023,3,173.1601258,0.005397538,0.002601168,1.488231744,202.1250552,0.394149703,1.10858202,0.483975248
NLG,2023,4,753.1829943,0.036138078,0.017115344,1.516214637,48.66015334,-0.182959263,1.114220106,0.492886799
NLG,2024,1,-199.7183224,-0.004830622,-0.002263722,1.807264444,-217.0556987,-5.004671838,1.153860301,0.578737133
NLG,2024,2,376.0635971,0.011980023,0.005460701,1.741473908,110.0877626,-0.309391891,1.234090279,0.535879401
NLG,2024,3,-136.1154527,-0.003042286,-0.001356271,1.757024279,-305.2555693,-1.569336693,1.25220343,0.5359677
NLG,2024,4,1305.7292,0.095847694,0.044321981,1.464294357,27.99202162,1.766344325,1.081012246,0.46386845
NLG,2025,1,281.39133,0.007553185,0.003718778,1.356689631,121.7166144,NULL,0.981003847,0.458535375
NLG,2025,2,257.9483669,0.006788024,0.003423758,1.566702516,151.5807232,-0.389841796,0.984277889,0.533649939
NLG,2025,3,379.0503652,0.016375081,0.008270094,1.585767073,106.054508,NULL,0.975836981,0.545321403
NT2,2020,1,622.3680035,0.042465407,0.023668171,1.092211527,26.10995409,0.004088445,0.759206663,0.617529268
NT2,2020,2,864.4714659,0.056314546,0.033111923,1.347009949,24.4079774,0.195237575,0.645175958,0.814653722
NT2,2020,3,-20.6322161,-0.001377039,-0.000831216,1.626003733,-1114.761492,-1.036704663,0.669362695,0.968711923
NT2,2020,4,705.7141844,0.0484176,0.030743525,1.656315753,34.8583046,-0.036334499,0.484878831,1.10976238
NT2,2021,1,399.1854512,0.027289094,0.017322152,1.557716946,55.61324927,-0.358602227,0.669690776,0.927989485
NT2,2021,2,85.28486373,0.005950641,0.00353866,1.437521237,240.3709064,-0.901344501,0.693519639,0.844347419
NT2,2021,3,949.0890177,0.066318747,0.039917096,1.449694361,21.7050241,NULL,0.629190207,0.885111485
NT2,2021,4,420.6731122,0.029020139,0.018177893,1.79758892,62.5188519,-0.403904411,0.564650803,1.142974909
NT2,2022,1,554.3510535,0.037092238,0.023339487,1.614954806,44.01543002,0.388705555,0.613071417,0.996196974
NT2,2022,2,1267.921447,0.082830402,0.049155308,1.615059648,19.55957134,13.8668989,0.75592902,0.91529005
NT2,2022,3,691.1951242,0.044733755,0.026285168,1.84778547,41.16059128,-0.271727824,0.647940941,1.115826728
NT2,2022,4,555.2749144,0.035256568,0.021623756,1.808534611,51.95624591,0.319967686,0.613575499,1.115576456
NT2,2023,1,812.228543,0.050976803,0.029462254,1.826904592,35.4580004,0.465188057,0.848289787,0.983746931
NT2,2023,2,501.0673268,0.031247487,0.01639724,1.850655725,59.67261963,-0.604812011,0.961635217,0.939063379
NT2,2023,3,-429.9312637,-0.028157421,-0.01455837,1.721573179,-56.98585348,-1.622011424,0.90287053,0.899978684
NT2,2023,4,759.9703519,0.051755477,0.026863669,1.634807421,32.23809973,0.368638006,0.94913462,0.834556158
NT2,2024,1,-549.3992787,-0.038055432,-0.018984974,1.809180329,-45.23122065,-1.676409717,1.064879349,0.87130755
NT2,2024,2,424.4368674,0.030370192,0.013519755,1.543133848,51.12656714,-0.152934457,1.423641286,0.633256731
NT2,2024,3,153.9021643,0.010826196,0.004372687,1.39276412,128.6531615,NULL,1.527532106,0.548094103
NT2,2024,4,259.0104479,0.01795918,0.007808688,1.447314744,80.88476805,-0.659183484,1.076314327,0.693390304
NT2,2025,1,128.4029911,0.009032362,0.004596589,1.445268852,155.3702124,NULL,0.848328119,0.777627729
NT2,2025,2,1133.292023,0.078712657,0.040527516,1.297227345,16.98591325,1.670107407,1.029560325,0.635899247
NT2,2025,3,744.1854009,0.048678755,0.025147259,1.501568747,31.44377728,3.835444675,0.846393801,0.809293354
OCB,2020,1,NULL,0.074052553,0.007469031,NULL,NULL,1.066342075,8.586540373,NULL
OCB,2020,2,NULL,0.043525764,0.004977858,NULL,NULL,0.301301841,7.065877349,NULL
OCB,2020,3,NULL,0.033026908,0.004021752,NULL,NULL,-0.21582758,7.353822065,NULL
OCB,2020,4,NULL,0.091551037,0.010695118,NULL,NULL,0.483911103,7.748237861,NULL
OCB,2021,1,923.2100769,0.056366945,0.006468458,1.455032393,26.1587266,0.142548093,7.681910749,0.165106462
OCB,2021,2,1010.963728,0.058311146,0.006767195,1.746161445,30.36706378,0.829170791,7.555147167,0.201292417
OCB,2021,3,807.6953141,0.044299923,0.00528867,1.298901657,29.59036605,0.710971891,7.205391148,0.156281467
OCB,2021,4,1022.078052,0.0663094,0.0079533,1.73657247,26.71028884,-0.082612536,7.460947282,0.202707964
OCB,2022,1,487.8217573,0.030185288,0.003590477,1.56799721,52.06819831,-0.339503345,7.354736143,0.185327864
OCB,2022,2,527.3947648,0.031674006,0.003836746,1.007698881,31.85469618,-0.347905957,7.159029289,0.121859797
OCB,2022,3,530.9206355,0.030930069,0.003807787,0.888896386,28.81786651,-0.17834021,7.08777677,0.108512854
OCB,2022,4,1015.919818,0.056625869,0.007189531,0.987599237,17.71793372,-0.00602521,6.676179183,0.127106309
OCB,2023,1,574.0715921,0.030642129,0.004000713,0.882950779,28.91625405,0.176806043,6.642668621,0.114190641
OCB,2023,2,920.4703766,0.047289141,0.006144424,0.929235177,19.88113954,0.745315726,6.747479286,0.118645762
OCB,2023,3,527.1500666,0.038949555,0.005061139,0.981140195,25.41970655,0.489347083,6.646098878,0.127031411
OCB,2023,4,84.07264148,0.006073912,0.000756254,0.967380742,158.1965282,-0.875867209,7.414520952,0.113817319
OCB,2024,1,464.0752137,0.032864801,0.003997506,1.05189112,32.21460565,0.212588865,7.034418728,0.129629764
OCB,2024,2,348.9153709,0.024043815,0.003013301,0.97031263,40.41094539,-0.431406953,6.925218607,0.121285105
OCB,2024,3,140.8055661,0.0114518,0.001376712,0.987868914,85.93410287,-0.679471388,7.706691848,0.112376061
OCB,2024,4,468.683052,0.03718082,0.004231577,0.895740897,24.32347394,5.689687065,7.863375611,0.100138074
OCB,2025,1,288.9361767,0.022243643,0.002500813,0.856241765,38.58983713,-0.252872376,7.925064401,0.095111359
OCB,2025,2,321.5724386,0.024210876,0.002652088,0.8793361,36.38371513,0.105961383,8.328438417,0.093395232
OCB,2025,3,461.1026934,0.037345223,0.003935321,1.044844981,27.43423576,2.536727437,8.653366548,0.106889924
PAN,2020,1,65.38720096,0.004654963,0.002524892,2.179514723,298.2235011,-0.607329863,0.934642258,0.353710323
PAN,2020,2,173.4442384,0.01090713,0.005374303,2.234348985,114.446004,-0.374703765,1.127585784,0.327276554
PAN,2020,3,225.1085337,0.013893783,0.006332566,2.216383585,90.40083762,-0.275529789,1.259649387,0.311902422
PAN,2020,4,424.7870483,0.024845769,0.012120461,3.59981138,81.68798964,-0.035255799,0.844750022,0.63699712
PAN,2021,1,107.2621584,0.008197535,0.004310778,3.054452366,263.8395538,0.750248322,0.9592721,0.495575154
PAN,2021,2,288.7427426,0.017605003,0.009014362,2.840402719,93.85517278,0.641370475,0.946870083,0.465984198
PAN,2021,3,185.2615532,0.011670733,0.006109847,2.861322297,151.1376727,-0.123319761,0.873650784,0.497304968
PAN,2021,4,832.5167367,0.040126929,0.020679002,3.293267611,46.24531652,0.834046237,0.995806205,0.531668862
PAN,2022,1,369.9644211,0.022076711,0.011095741,2.529412024,85.8190631,2.348443544,0.983571619,0.436486026
PAN,2022,2,474.4751297,0.030824361,0.01585542,1.573326088,43.62715495,1.11022619,0.902073594,0.315818637
PAN,2022,3,265.5661185,0.01960634,0.010162386,1.658975116,83.97155527,0.944743411,0.956186327,0.326571793
PAN,2022,4,680.2189913,0.033621401,0.016807741,1.171753742,21.97821612,-0.082686181,1.041230599,0.194195658
PAN,2023,1,191.6386498,0.013554005,0.006659422,1.295730963,87.14317294,-0.364744588,1.029403288,0.217865671
PAN,2023,2,298.0066361,0.019855391,0.008719314,1.506799881,66.10591046,-0.31701277,1.525750516,0.207170922
PAN,2023,3,473.1543009,0.02428781,0.009845548,1.496538522,43.00922545,0.358236567,1.409178043,0.219927328
PAN,2023,4,980.3869721,0.044102911,0.018265771,1.38900133,20.60410896,0.415188512,1.419639961,0.209017463
PAN,2024,1,400.143978,0.020018354,0.008413489,1.656121378,62.10264647,0.577257812,1.339718387,0.261134057
PAN,2024,2,444.8778499,0.02468411,0.009633888,1.632409631,53.94739253,0.330981872,1.788043839,0.21481334
PAN,2024,3,894.0622653,0.040283021,0.014611699,1.510502911,26.39637184,0.781538361,1.726918939,0.207929832
PAN,2024,4,1175.728646,0.050884225,0.018784899,1.454019537,20.2002393,0.23747318,1.690985503,0.208100438
PAN,2025,1,515.4410064,0.021744987,0.007813272,1.589847042,51.99431102,0.152208326,1.873715441,0.21639376
PAN,2025,2,665.5322958,0.029342142,0.011324317,1.611640972,41.77107584,0.26686211,1.307513195,0.28045578
PAN,2025,3,747.7109925,0.030220735,0.013804455,1.885537921,42.1954476,-0.225028951,1.066540628,0.368466998
PC1,2020,1,572.344181,0.023624996,0.010386958,0.456903156,17.64672436,-0.03684873,1.297998515,0.184648684
PC1,2020,2,768.472364,0.031838893,0.014212233,0.716824869,21.79648974,-0.104489235,1.18897241,0.285407664
PC1,2020,3,999.6877105,0.039659576,0.018166535,0.872090082,21.25663823,1.143560837,1.177742561,0.333424243
PC1,2020,4,691.93789,0.030452812,0.013747855,1.06918894,32.15606534,1.515968286,1.251664692,0.396679601
PC1,2021,1,409.8449361,0.016120699,0.006859464,1.31898074,68.3185213,-0.096367661,1.441170457,0.425634283
PC1,2021,2,1714.333264,0.062157311,0.0239735,1.501158044,15.45790458,1.662768444,1.72632295,0.317847253
PC1,2021,3,752.5696144,0.026326348,0.009271697,2.096360586,51.42381417,-0.117183712,1.949006667,0.415721385
PC1,2021,4,599.8520988,0.030197252,0.010163009,2.473852051,65.59950374,0.295727424,1.992703367,0.492302226
PC1,2022,1,565.7013139,0.028232991,0.009455336,2.850552358,83.34787076,1.245987426,1.979322135,0.578406731
PC1,2022,2,270.6901657,0.010479755,0.003488531,2.364993543,145.9232917,-0.801713719,2.028542011,0.471775258
PC1,2022,3,243.3047864,0.000681341,0.000217079,2.196538158,133.5773146,-0.971570845,2.247970194,0.413082344
PC1,2022,4,729.7268311,0.041565837,0.013256206,1.432215941,27.68159144,0.533792736,2.032926757,0.25110981
PC1,2023,1,54.21825385,0.010996316,0.003730744,1.976530932,518.275636,-0.558601874,1.862804263,0.366791381
PC1,2023,2,-46.57710702,-0.002899741,-0.001025586,1.911117821,-573.242988,-1.306025913,1.791156493,0.365935829
PC1,2023,3,235.2854733,0.014175253,0.005093072,2.165504837,131.3298248,21.64369231,1.775402319,0.421919224
PC1,2023,4,238.8360428,0.019972213,0.007185993,2.268770161,120.5848148,-0.495591179,1.783176311,0.442637098
PC1,2024,1,259.0104067,0.017651913,0.006350916,2.18821447,109.8411464,0.629251472,1.775722458,0.433407628
PC1,2024,2,511.1391096,0.02575914,0.009031694,2.18419348,56.24691881,NULL,1.928009003,0.412837856
PC1,2024,3,513.1572397,0.034438437,0.012122682,2.114101419,56.51289265,1.569365905,1.756273512,0.429033077
PC1,2024,4,191.4768585,0.017234264,0.006294389,1.882594372,119.5966979,-0.081010105,1.720009366,0.390229808
PC1,2025,1,154.568706,0.018721934,0.006824825,1.827909252,146.2132963,0.124393867,1.766196815,0.375164111
PC1,2025,2,396.7304989,0.02098103,0.007504506,1.729463762,55.20120097,-0.133794844,1.824969849,0.35099035
PC1,2025,3,841.2604125,0.048548224,0.017206283,1.890120496,30.43052974,0.52476536,1.818296319,0.389039343
PDR,2020,1,482.4104191,0.037192368,0.011525018,2.00912008,51.6158006,0.032520916,2.252750994,0.60680398
PDR,2020,2,326.5628081,0.028884838,0.008706865,2.143399242,73.79897344,0.369813567,2.380647322,0.623173415
PDR,2020,3,1185.979888,0.092078037,0.029520359,3.108834448,32.5469263,1.734010977,1.910080374,0.926932457
PDR,2020,4,1265.913619,0.095597844,0.032343912,3.999736278,40.68208069,0.065820097,2.002174663,1.308584311
PDR,2021,1,635.4357759,0.041633655,0.01523733,4.614732999,97.57083618,0.588239312,1.528297763,1.41461454
PDR,2021,2,516.7724731,0.03601466,0.013912176,8.149327095,180.737181,1.076472248,1.647401936,2.428988439
PDR,2021,3,1248.859633,0.081862448,0.031624266,6.438362444,65.49975499,0.38311487,1.535029636,2.023668279
PDR,2021,4,1529.720324,0.094487465,0.037360468,6.659746353,62.23359821,0.498473619,1.523402381,2.282608148
PDR,2022,1,572.381471,0.033797864,0.013276644,6.048824383,156.364251,0.112786554,1.567276544,2.047922541
PDR,2022,2,614.2914318,0.047544506,0.018135375,4.517880756,84.32479653,0.627744626,1.673488457,1.479326675
PDR,2022,3,1068.642563,0.074088674,0.028842874,4.077000283,47.81767242,0.171508575,1.48007937,1.330406138
PDR,2022,4,-409.6306176,-0.024259126,-0.009806439,1.121766924,-33.20064325,-1.317373784,1.466737442,0.399871751
PDR,2023,1,35.80840204,0.002563243,0.001006182,1.025522759,349.0800842,-0.919685864,1.638166586,0.385846567
PDR,2023,2,410.4162169,0.032881645,0.013007814,1.333448329,40.93405501,-0.325121455,1.421062491,0.546881237
PDR,2023,3,151.3955812,0.011860938,0.004933001,1.878406529,158.1948417,-0.857034454,1.387943846,0.781220993
PDR,2023,4,382.6003175,0.031059383,0.013571005,2.16193294,72.79136668,NULL,1.199286015,0.976649662
PDR,2024,1,71.17424891,0.005480061,0.002477261,2.566261936,447.4933067,1.345796971,1.224936356,1.098123738
PDR,2024,2,56.96806914,0.004824066,0.002264305,1.962285313,416.0225256,-0.819455669,1.04783459,0.918110493
PDR,2024,3,58.68064136,0.004641991,0.002265759,1.853850696,383.431392,-0.496360398,1.049676231,0.866847893
PDR,2024,4,1.747548342,0.000141034,6.69E-05,1.705151944,11845.16589,-0.994482985,1.168968036,0.753536957
PDR,2025,1,57.95945743,0.004567068,0.002150309,1.586503384,333.8540569,-0.038354699,1.079058307,0.731570884
PDR,2025,2,71.56124459,0.005651883,0.002742749,1.436830654,252.2314991,0.303679687,1.04342841,0.675941029
PDR,2025,3,87.56574069,0.007215207,0.003542188,2.001097609,267.7987968,0.676430906,1.030487978,0.947660959
PHR,2020,1,1522.798275,0.078045914,0.036751018,1.66473643,21.67063132,0.88875042,1.017473001,0.79912995
PHR,2020,2,2433.417901,0.11722831,0.05950301,2.2500369,20.42394772,4.234543247,0.927678774,1.129150205
PHR,2020,3,1217.559364,0.053383501,0.028145336,2.505203388,47.88267555,-0.640442752,0.867412882,1.293357482
PHR,2020,4,2799.840325,0.121140619,0.062980742,2.670640226,22.50128317,NULL,0.978874318,1.304248951
PHR,2021,1,618.2290074,0.026689617,0.01410612,2.471554509,94.46337732,-0.581637159,0.805503664,1.321158035
PHR,2021,2,563.1137878,0.025256886,0.013467644,2.55614923,100.5125451,-0.763593252,0.94965054,1.260502742
PHR,2021,3,1070.179557,0.053271118,0.028056641,2.26793105,49.05718825,0.004005083,0.850265065,1.171123355
PHR,2021,4,1747.568621,0.074290851,0.039252956,3.232582604,40.79954238,-0.404017964,0.937326139,1.603493434
PHR,2022,1,2177.793948,0.091990298,0.049180603,3.338517427,37.10176534,2.382925712,0.809158418,1.783882826
PHR,2022,2,379.7459018,0.016386487,0.009180856,2.675174799,171.1670875,-0.313352784,0.760755069,1.462023669
PHR,2022,3,897.3127782,0.040068379,0.0233852,2.169420177,61.40556708,-0.176520185,0.668277722,1.246779777
PHR,2022,4,3079.811035,0.122531437,0.069884189,1.625761149,12.79299267,0.812352282,0.842241958,0.843589915
PHR,2023,1,1682.357005,0.065753311,0.037219203,1.549623691,23.86532696,-0.219198528,0.695849315,0.874669016
PHR,2023,2,897.7078765,0.035515737,0.020865136,1.880965831,51.6871927,1.281552621,0.708757366,1.049755833
PHR,2023,3,894.9870228,0.040019786,0.023982831,1.822577695,52.96166178,0.027799453,0.630821266,1.061686267
PHR,2023,4,1098.488439,0.041478619,0.025558773,1.847272659,45.24399007,-0.637438477,0.615141187,1.093137671
PHR,2024,1,539.3181855,0.020336388,0.012911391,2.323742567,118.4829322,-0.664103584,0.535885311,1.445540089
PHR,2024,2,476.9453473,0.01783083,0.011737079,2.15555787,127.058583,-0.447828179,0.502862991,1.369764889
PHR,2024,3,725.293193,0.025780002,0.017311037,2.080263397,82.72516629,-0.278328602,0.475932648,1.345637343
PHR,2024,4,1653.659435,0.057427618,0.038429691,1.927131354,32.17107397,0.474472009,0.513598029,1.215213252
PHR,2025,1,705.3083756,0.025755383,0.017343142,2.21242031,89.74797718,0.310386047,0.457504202,1.448558772
PHR,2025,2,671.3670938,0.023477958,0.015790593,2.167712783,90.85938313,0.346068967,0.516602455,1.36178573
PHR,2025,3,1914.665619,0.064252037,0.043237857,1.85942257,28.88232778,1.539264768,0.457089374,1.215020161
PLX,2020,1,-1589.7495,-0.075675301,-0.031004005,2.608342587,-22.95959207,-2.400674606,1.508154072,0.789136564
PLX,2020,2,904.4457833,0.050054234,0.019520059,2.983557094,49.20140137,-0.091443715,1.618233051,0.887063133
PLX,2020,3,707.5108238,0.039944562,0.015717899,3.315386935,71.09431871,-0.171793617,1.466064737,1.055345744
PLX,2020,4,774.0244312,0.04244275,0.016975376,3.46547497,70.54040906,-0.110752069,1.53326578,1.076773704
PLX,2021,1,511.0632463,0.029091504,0.011717972,3.355615499,107.8144445,NULL,1.43649091,1.105099258
PLX,2021,2,1180.361804,0.059180871,0.024113763,3.138464212,46.42644298,0.422741097,1.471382579,1.026702721
PLX,2021,3,59.95401683,0.002892774,0.001230397,2.938323168,860.6595977,-0.913643622,1.231630119,1.064679624
PLX,2021,4,468.2348359,0.025128054,0.01114479,3.00780636,115.113178,-0.303274737,1.277227549,1.065119955
PLX,2022,1,191.5145913,0.015548151,0.005998675,3.019684076,288.2286912,-0.399045073,1.901795318,0.842867109
PLX,2022,2,-23.6396401,-0.004879052,-0.001630317,2.448611968,-1704.763686,-1.083999748,2.09211732,0.631531942
PLX,2022,3,77.8738035,0.007212459,0.002495783,1.990519444,422.4784012,1.386181567,1.689064005,0.588550661
PLX,2022,4,895.2474887,0.051809149,0.019297543,1.816907698,35.40920293,1.001476061,1.680655768,0.540818274
PLX,2023,1,487.7061089,0.02373208,0.009320822,2.092419913,76.78804779,0.507514059,1.414660236,0.693246722
PLX,2023,2,639.9289721,0.031640062,0.012020166,2.110014495,58.36585251,NULL,1.853675159,0.595351147
PLX,2023,3,580.9656393,0.02588216,0.009027614,2.072060656,64.54770724,2.842628034,1.880090761,0.581940646
PLX,2023,4,521.7818128,0.027394089,0.009772304,1.857806043,66.1195909,-0.437737501,1.7284202,0.550173724
PLX,2024,1,844.4676609,0.038068632,0.014124396,1.921635302,44.16983826,0.698470383,1.663275478,0.58703959
PLX,2024,2,948.9135968,0.043732206,0.016570771,2.255446167,43.10192218,0.44439064,1.613495908,0.695675546
PLX,2024,3,51.84547524,0.004557831,0.001801169,2.450058466,858.3198398,-0.82110092,1.447742667,0.805557435
PLX,2024,4,429.1486512,0.021041122,0.008054915,2.015868728,87.38230889,-0.227212222,1.773123575,0.586249435
PLX,2025,1,105.0020662,0.007165576,0.002613206,2.114711039,376.6592549,-0.813945368,1.711226255,0.627867481
PLX,2025,2,1075.407987,0.049351143,0.017029715,2.088432353,34.63801688,0.106063692,2.093363355,0.542462323
PLX,2025,3,480.6429391,0.024725322,0.007895681,1.870478754,71.15469139,4.410347442,2.168719368,0.474521392
PNJ,2020,1,1813.498883,0.085414398,0.048059865,2.439694669,25.86160953,-0.047776843,0.682755056,1.258527262
PNJ,2020,2,140.6357452,0.006536897,0.003825635,3.193002846,408.1465912,-0.812827713,0.736233363,1.583140218
PNJ,2020,3,897.6646326,0.042081794,0.024866942,3.224094132,67.8427085,-0.028402263,0.650135496,1.694473121
PNJ,2020,4,1878.721017,0.084237847,0.051561594,4.012394917,43.11443756,0.110441845,0.61838887,2.171644651
PNJ,2021,1,2254.562861,0.093246205,0.061687734,3.76273031,37.47954934,0.255595661,0.414268012,2.361353694
PNJ,2021,2,979.2869315,0.038818128,0.025723062,4.497665704,102.2172325,6.032649774,0.604454752,2.480411007
PNJ,2021,3,-701.6352315,-0.028289705,-0.01739247,4.57593049,-140.6713853,-1.789408909,0.649277373,2.447526375
PNJ,2021,4,2010.750774,0.078988199,0.046377412,4.07641474,47.8428263,0.069917641,0.75295012,2.073898277
PNJ,2022,1,3171.410267,0.10282864,0.065680889,3.413057332,34.84254344,0.406663048,0.424809355,2.201888905
PNJ,2022,2,1514.376756,0.045770978,0.032727624,4.219462746,84.85338901,0.648428382,0.372345915,2.826290708
PNJ,2022,3,1025.480887,0.030862832,0.021485698,3.431309237,104.3412913,NULL,0.498302737,2.111993853
PNJ,2022,4,1911.831503,0.056115704,0.036458016,2.834823946,47.02297241,0.028735005,0.579461765,1.65819739
PNJ,2023,1,2282.300591,0.084890056,0.057214544,2.979262812,34.04459532,0.038166882,0.395764504,1.986276399
PNJ,2023,2,1029.235667,0.036720905,0.025649065,2.873822314,72.86960839,-0.080225127,0.467562979,1.823185224
PNJ,2023,3,772.3639611,0.027194929,0.019085048,2.93466652,102.0244392,0.004220396,0.383401947,1.979781587
PNJ,2023,4,1925.555289,0.065642106,0.045962074,3.072817196,44.66244126,0.34289169,0.471271896,1.955145012
PNJ,2024,1,2205.308054,0.072760009,0.053861434,3.358347737,44.84634236,-0.014409311,0.238156731,2.551324565
PNJ,2024,2,1280.48763,0.040435661,0.033034302,3.164262665,74.58096255,0.268997395,0.210261252,2.463845353
PNJ,2024,3,638.7447539,0.020324193,0.015455327,3.36836824,154.6783741,-0.148024925,0.421690526,2.231249342
PNJ,2024,4,2162.957476,0.067115095,0.045437967,3.107176435,45.26210113,0.157213609,0.528854908,1.922445276
PNJ,2025,1,2005.674621,0.058969788,0.039144424,2.530029966,41.53216036,-0.081429299,0.484985896,1.615878744
PNJ,2025,2,1293.253933,0.036877909,0.025279615,2.469926487,64.25652216,0.020069574,0.433137752,1.63695281
PNJ,2025,3,1466.992974,0.041375249,0.028984771,2.469762603,56.64648808,1.296681053,0.421837599,1.646847981
POW,2020,1,189.631569,0.01697629,0.008771923,0.609091429,37.3882895,-0.448537053,0.905935765,0.291418045
POW,2020,2,321.6878582,0.028250822,0.015045144,0.81183028,30.15345389,0.096395884,0.850379889,0.398406307
POW,2020,3,44.93334973,0.004043412,0.00218805,0.85459508,228.1156438,-0.843070074,0.845521161,0.422773283
POW,2020,4,380.902101,0.032531177,0.0181981,1.12522711,35.70471248,1.909350008,0.730331924,0.591830992
POW,2021,1,217.0470783,0.018083143,0.010170287,1.072989522,60.81629894,0.121550075,0.825072006,0.536966319
POW,2021,2,362.9327091,0.02713293,0.015147777,0.95148058,33.20174704,0.007265655,0.757971499,0.499684153
POW,2021,3,206.3772918,0.018605782,0.010748904,0.928451401,57.90365739,3.846158087,0.70442051,0.501684741
POW,2021,4,-26.77534756,-3.49E-05,-2.08E-05,1.384023827,-653.5862873,-1.001124191,0.647854989,0.77398799
POW,2022,1,308.0185734,0.025155601,0.014900275,1.273098776,51.45793588,0.418563472,0.729162944,0.676141552
POW,2022,2,180.0561009,0.018341853,0.010416988,1.07724325,75.53201435,-0.321014054,0.79191922,0.551958908
POW,2022,3,28.54708478,0.006231172,0.003524894,0.97599213,432.6186052,-0.666380082,0.743753565,0.511872717
POW,2022,4,363.3830619,0.029282141,0.016969102,0.818148343,29.3079153,NULL,0.707955753,0.438766868
POW,2023,1,228.0237763,0.019376292,0.011318949,0.996622116,57.8887001,-0.191047793,0.715674537,0.53293584
POW,2023,2,53.77463777,0.005359637,0.003023552,1.01246762,249.1881034,-0.690930754,0.829546436,0.506998794
POW,2023,3,35.29593107,0.00155116,0.000834751,0.874114178,328.6497806,-0.739755294,0.887020587,0.42708016
POW,2023,4,126.2962927,0.011774541,0.005961321,0.839698528,89.07624889,-0.584772535,1.062229411,0.374435373
POW,2024,1,118.5518961,0.006362869,0.003026996,0.854413583,96.16041899,-0.667224479,1.142147701,0.36798653
POW,2024,2,167.2862339,0.012983228,0.005754471,1.106410283,89.06889498,1.435477344,1.369349592,0.431415069
POW,2024,3,169.2450748,0.013180192,0.005610538,0.960468458,77.40254787,7.652946123,1.329314519,0.380191834
POW,2024,4,19.57487598,0.002894418,0.001249314,0.879362235,613.030704,-0.748761473,1.304312852,0.351654229
POW,2025,1,190.0574624,0.013547916,0.005879009,0.927680799,67.34805275,1.183323601,1.30459689,0.371265598
POW,2025,2,257.23745,0.021564921,0.009151326,0.928539774,50.53696497,0.724617269,1.407574178,0.355444923
POW,2025,3,345.5786174,0.026324916,0.011064775,0.997546836,41.52455991,1.092346567,1.351455103,0.391806821
PPC,2020,1,421.6383464,0.022447315,0.019134476,1.113974629,50.0428867,-0.442885289,0.131934497,0.984116185
PPC,2020,2,872.7721612,0.046232471,0.040996756,1.27836728,27.55587434,-0.17980699,0.123457888,1.137811819
PPC,2020,3,281.7124037,0.014901285,0.013254956,1.247751099,84.12835107,-0.530980679,0.124944577,1.109048717
PPC,2020,4,1566.752669,0.079917726,0.070277143,1.209729356,15.60552631,0.022665037,0.148677897,1.053054794
PPC,2021,1,431.8378017,0.021772384,0.019555843,1.261961425,56.85004857,0.024190056,0.076634753,1.172038283
PPC,2021,2,374.9802696,0.021591735,0.018486772,1.633191894,66.53683413,-0.570357206,0.284245197,1.271596851
PPC,2021,3,-110.3428231,-0.007248398,-0.00584379,1.513183781,-207.9881532,-1.391686066,0.196153775,1.264941589
PPC,2021,4,199.5158653,0.013070105,0.01125923,1.565780012,120.5417923,-0.872656438,0.125962541,1.390391931
PPC,2022,1,250.8941359,0.01631639,0.014232124,1.429565502,87.68638583,-0.419008399,0.166894711,1.224933352
PPC,2022,2,212.6346367,0.013756439,0.012056296,1.127629665,82.30079666,-0.432944467,0.115358353,1.010774019
PPC,2022,3,483.6784541,0.031125499,0.026653548,1.060860877,34.11357248,NULL,0.220089499,0.8693236
PPC,2022,4,603.580276,0.038120944,0.032620232,0.785479393,20.95827267,2.025224461,0.118936827,0.701755373
PPC,2023,1,124.4135407,0.007692982,0.007059369,0.865685977,112.92983,-0.504119376,0.060796559,0.815838083
PPC,2023,2,503.553224,0.031101933,0.02880392,0.984992759,31.57560957,1.3681618,0.098869727,0.896145216
PPC,2023,3,262.2823297,0.016313705,0.014617786,0.871595317,53.18696084,-0.457734105,0.133312747,0.768903888
PPC,2023,4,295.2992556,0.018667716,0.016331037,0.943952187,49.94933012,-0.510753967,0.153088859,0.81846828
PPC,2024,1,490.9128402,0.032865955,0.024822795,0.958412931,27.80534319,2.945815202,0.511566162,0.633942492
PPC,2024,2,292.6666735,0.020442734,0.014196332,1.126081934,55.35307387,-0.418796942,0.369148691,0.822360668
PPC,2024,3,-16.55942184,-0.001151577,-0.000905365,0.859417635,-745.7989849,-1.063135865,0.174635099,0.731580362
PPC,2024,4,565.007767,0.039673336,0.033098517,0.790182044,19.73424199,0.913339625,0.223095081,0.646013191
PPC,2025,1,163.211994,0.011499383,0.009210507,0.812649778,71.07320803,-0.667533663,0.27362845,0.638039847
PPC,2025,2,19.00061634,0.001339369,0.001076226,0.815830148,605.2435243,-0.935077622,0.215016989,0.671375078
PPC,2025,3,-44.56218642,-0.003165943,-0.002705348,0.761467954,-240.1138916,NULL,0.125348653,0.676583436
PTB,2020,1,1280.358778,0.034120443,0.014719099,0.897065369,26.86746916,-0.260759224,1.291758313,0.372559831
PTB,2020,2,1749.752277,0.045611837,0.019777069,1.27487853,28.00396413,-0.218386283,1.321193343,0.522609427
PTB,2020,3,2166.60729,0.056992783,0.024074037,1.426828163,25.43146617,-0.111924905,1.413322714,0.561853429
PTB,2020,4,2556.203915,0.063853992,0.026537158,1.496337277,24.09823397,-0.12223306,1.399524469,0.593920236
PTB,2021,1,2152.530082,0.05025048,0.020612524,1.998710101,40.18526882,0.601270673,1.474399827,0.770810262
PTB,2021,2,2525.747408,0.060843957,0.024013095,2.091237248,34.2076962,0.485844786,1.592679317,0.768980709
PTB,2021,3,3405.183458,0.076255415,0.030247388,2.493646414,32.7441976,0.568309058,1.454563456,0.973131083
PTB,2021,4,2569.340689,0.055518535,0.023524229,2.095693269,38.53128564,0.049087876,1.270432174,0.88586998
PTB,2022,1,2892.42438,0.059117197,0.026747682,2.396259335,41.48768792,0.420728637,1.153323102,1.068440952
PTB,2022,2,2280.379264,0.061422545,0.029080344,1.616197827,26.48682215,0.246002276,1.072693371,0.750201447
PTB,2022,3,1704.182621,0.044689859,0.022306285,1.330352656,30.51316177,-0.276297871,0.937154726,0.661928117
PTB,2022,4,1111.81716,0.02793638,0.01457218,1.070215039,37.68605261,-0.403965103,0.897067575,0.544224317
PTB,2023,1,920.6596848,0.022337103,0.012032534,1.076969472,46.86856687,-0.57178206,0.816599054,0.572594742
PTB,2023,2,1490.673222,0.036696835,0.019915734,1.212689909,31.89833916,-0.35792398,0.86937417,0.631155453
PTB,2023,3,1144.315869,0.028170581,0.015132624,1.451752978,50.94747139,-0.357664716,0.853842851,0.761969261
PTB,2023,4,255.465068,0.006307469,0.003364314,1.461441154,230.9513409,-0.773444752,0.895682746,0.750291339
PTB,2024,1,1332.254985,0.032457378,0.017275325,1.639470517,49.46500539,0.44217732,0.861904466,0.856810654
PTB,2024,2,1649.895978,0.03980598,0.022167107,1.705373675,43.09362586,0.112119343,0.73347451,0.933896812
PTB,2024,3,1189.108805,0.027865689,0.01599447,1.449106847,51.04663236,0.05929671,0.750896126,0.785301031
PTB,2024,4,1336.334047,0.030292098,0.017010713,1.560236415,50.3616593,4.19145258,0.809869386,0.82070421
PTB,2025,1,1688.27546,0.038271313,0.021554534,1.307866435,33.88072702,0.300358511,0.741756926,0.714013294
PTB,2025,2,1861.015981,0.041893609,0.02336028,1.250406412,29.50001534,0.138352965,0.844762074,0.644283798
PTB,2025,3,2029.678257,0.04429975,0.024209503,1.040283919,23.55053065,0.705570472,0.815585379,0.545199896
PVD,2020,1,57.57576006,0.001149588,0.000769061,0.206631169,117.2368371,NULL,0.504351797,0.133351994
PVD,2020,2,146.9647344,0.00396735,0.002646075,0.308766597,67.90744762,-0.456110042,0.494261146,0.200634413
PVD,2020,3,92.04868469,0.002689065,0.001800208,0.357407009,125.4770781,1.21745435,0.493243908,0.23216028
PVD,2020,4,141.2987936,0.005047854,0.003389444,0.50149062,114.6506604,-0.528986334,0.485328478,0.327489217
PVD,2021,1,-246.147516,-0.00786858,-0.005284727,0.706965396,-91.81486114,-7.773068583,0.49256251,0.458993415
PVD,2021,2,14.54827923,0.002950373,0.001983622,0.689243045,1512.206334,-0.267616513,0.482162619,0.450719747
PVD,2021,3,158.860663,0.004017883,0.002709857,0.718005369,143.5219995,0.473477598,0.483224769,0.469347462
PVD,2021,4,117.7183257,0.003587371,0.002405097,0.930805424,251.8724236,-0.300616366,0.499900646,0.601888937
PVD,2022,1,-133.396448,-0.005434798,-0.003639181,1.075999907,-256.3786407,NULL,0.486905647,0.702259227
PVD,2022,2,-118.073362,-0.005307181,-0.003562691,0.620316312,-140.5905592,-2.794471174,0.49237809,0.403566446
PVD,2022,3,-60.68758578,-0.003684905,-0.002485734,0.798246631,-326.2611249,-1.9313569,0.472647909,0.526709548
PVD,2022,4,83.88844444,0.003224718,0.002191249,0.725412569,212.7825843,-0.080577703,0.47061356,0.479252112
PVD,2023,1,118.4384166,0.003708317,0.002535535,0.823300045,171.3970905,NULL,0.454476374,0.550165706
PVD,2023,2,294.2848282,0.011103634,0.00762625,0.98075311,83.25267786,NULL,0.45745596,0.654240282
PVD,2023,3,270.8670855,0.009135691,0.006280892,0.995018135,95.24966812,NULL,0.451691135,0.667075814
PVD,2023,4,368.4933453,0.013680715,0.009422821,1.085218032,76.79921594,3.45852487,0.45204856,0.727199859
PVD,2024,1,284.0803818,0.009833096,0.006727513,1.206493437,113.8762198,1.842133422,0.470944261,0.798684321
PVD,2024,2,248.6850608,0.008517898,0.005765597,1.043796577,115.8091278,-0.160878373,0.483610738,0.685486063
PVD,2024,3,326.9829417,0.011513047,0.007752206,1.021889777,84.71389931,0.352113572,0.486679154,0.669412858
PVD,2024,4,395.6517137,0.015070746,0.01019158,0.831615163,59.14292594,0.168959987,0.471097319,0.550829377
PVD,2025,1,274.9902024,0.00884947,0.006102655,0.77120297,80.00285031,-0.037441404,0.429365524,0.526404029
PVD,2025,2,431.1878425,0.015137758,0.010410857,0.681042797,46.49945575,0.889777407,0.477956119,0.44987431
PVD,2025,3,500.5511233,0.01633596,0.010721773,0.731176953,44.05144444,0.542194412,0.568227194,0.455383776
PVT,2020,1,239.7329367,0.015539337,0.008041825,0.492699113,32.74477053,-0.489785255,0.927744741,0.197005422
PVT,2020,2,688.4086189,0.038513236,0.020265785,0.650299106,15.39783162,-0.06864831,0.873649595,0.267887879
PVT,2020,3,385.2980444,0.028364774,0.015157298,0.808891392,34.90804118,0.013192401,0.869093996,0.337487843
PVT,2020,4,810.9070937,0.050714747,0.027795594,0.936829668,17.26461651,0.375421487,0.781595757,0.408888711
PVT,2021,1,421.476723,0.027425894,0.015475078,1.099098684,40.45300504,0.945313758,0.763266308,0.484929413
PVT,2021,2,745.9197476,0.044016301,0.02390474,1.392074958,28.15316268,0.250177398,0.919889711,0.552160617
PVT,2021,3,291.3642255,0.023452534,0.012100319,1.499689806,79.28221098,-0.096628292,0.955833086,0.575774994
PVT,2021,4,608.0935766,0.034493187,0.018444023,1.506797367,39.63205817,-0.243476013,0.78836265,0.627162702
PVT,2022,1,471.2599693,0.027506085,0.015373485,1.554301608,54.53465534,0.117138781,0.789993249,0.648768582
PVT,2022,2,639.8871575,0.035636786,0.019457405,1.188496578,31.56806597,-0.08872811,0.872182906,0.47720902
PVT,2022,3,836.6896657,0.051628388,0.027619582,1.11035998,23.42565088,1.522232342,0.8664733,0.445158282
PVT,2022,4,701.1218935,0.04060316,0.022293085,1.186297055,31.3782813,0.355128351,0.778331474,0.499614145
PVT,2023,1,561.9322956,0.029532315,0.016896133,1.08339331,36.83717801,0.236966468,0.718288115,0.472601398
PVT,2023,2,955.1727225,0.046829963,0.026614148,1.1834029,24.23645426,0.512606093,0.800067533,0.494479352
PVT,2023,3,769.9294835,0.037564046,0.019991454,1.2755773,36.75661292,-0.16826264,0.955599432,0.539889224
PVT,2023,4,717.5695549,0.030502215,0.015674277,1.254952632,36.79085856,-0.150038029,0.936787243,0.488531483
PVT,2024,1,713.4961412,0.033313053,0.017449785,1.317129923,40.15438675,0.27488097,0.882325131,0.526793368
PVT,2024,2,809.7295701,0.039506843,0.021174849,1.424640142,35.3204342,-0.045216995,0.849444056,0.578747892
PVT,2024,3,1025.1611,0.053174793,0.028669428,1.324696265,27.26400759,0.626286034,0.859746979,0.528480303
PVT,2024,4,587.2172082,0.026199611,0.013892415,1.277865367,47.17164214,-0.004822125,0.911372223,0.496604766
PVT,2025,1,604.0735841,0.026305767,0.014055009,1.110760979,40.97182967,-0.095446423,0.832919484,0.450680923
PVT,2025,2,627.2738024,0.033339376,0.017676042,1.031517971,28.53618297,-0.033616267,0.938040489,0.396917913
PVT,2025,3,560.462334,0.031637701,0.016596295,1.023458083,32.38397819,-0.331615629,0.875121448,0.408880585
REE,2020,1,828.0006498,0.025418595,0.014182354,0.835552431,32.97098862,-0.248746212,0.817985194,0.430514112
REE,2020,2,1209.304105,0.036732876,0.020493216,0.907555899,25.34515501,-0.119824841,0.767817658,0.479130917
REE,2020,3,1122.833572,0.032288628,0.018574584,1.152139021,35.80227828,-0.111486742,0.709854686,0.627119204
REE,2020,4,2107.254881,0.055820661,0.032925904,1.328522518,23.22927351,0.391261861,0.681573091,0.736644728
REE,2021,1,1345.447143,0.037986177,0.022817297,1.377338424,39.09480969,0.696503253,0.648572881,0.780891674
REE,2021,2,1241.463293,0.033574724,0.018374074,1.464109983,46.47741122,0.165939645,0.973933001,0.58703354
REE,2021,3,853.0743547,0.017404408,0.008815908,1.619493107,76.42944562,-0.264868953,0.97447198,0.651492491
REE,2021,4,2562.032948,0.057699484,0.029440725,1.613597943,26.97076946,0.390743914,0.945851446,0.67099807
REE,2022,1,2243.439316,0.057376268,0.029748702,1.854653308,36.41729884,1.024969471,0.912141768,0.779246503
REE,2022,2,1678.225422,0.043751463,0.023266994,2.156801822,51.36377919,0.605410363,0.849804373,0.942588563
REE,2022,3,1915.729681,0.046612268,0.025459026,1.859068661,40.19356215,2.087599451,0.812628934,0.828147946
REE,2022,4,2031.157844,0.051855492,0.028990108,1.646348822,35.20159706,0.050656638,0.766043511,0.749273649
REE,2023,1,2096.444374,0.054089336,0.030915492,1.519999064,32.2450721,0.104066224,0.733623897,0.699996562
REE,2023,2,1375.854717,0.031282368,0.018176907,1.422070202,47.38872441,-0.174351739,0.708531169,0.676122041
REE,2023,3,1265.185488,0.022928103,0.013510263,1.341360409,49.95314964,-0.44249566,0.68589957,0.649379487
REE,2023,4,1231.596061,0.031162193,0.018511682,1.34933842,46.11901728,-0.337206931,0.680890837,0.666578486
REE,2024,1,1172.723407,0.026374405,0.015671272,1.509570564,54.40328011,-0.47959844,0.685056739,0.743858789
REE,2024,2,751.2842862,0.019139487,0.011530426,1.669485357,83.32398421,-0.353739308,0.635229816,0.848698816
REE,2024,3,1018.751527,0.026096366,0.015954238,1.728158493,65.37413512,0.207123603,0.636160862,0.879960741
REE,2024,4,1441.98395,0.039901913,0.024515302,1.698533104,47.08790274,0.372136732,0.61935825,0.879531129
REE,2025,1,1298.060711,0.0357597,0.022300961,1.730324057,55.00513143,0.488025446,0.588178837,0.9116534
REE,2025,2,1150.047347,0.031625235,0.019990014,1.883824657,59.21495336,0.833469823,0.575992233,0.996515265
REE,2025,3,1244.746568,0.03461788,0.021912629,1.751415087,52.6211533,0.468905628,0.583528771,0.927157551
SAB,2020,1,1091.923662,0.037185018,0.028035007,4.841588132,112.6452372,-0.444171271,0.308322747,3.261214221
SAB,2020,2,1921.845826,0.063601475,0.048293557,5.752597049,81.69229699,-0.205464374,0.325079966,3.848763494
SAB,2020,3,2172.236175,0.07210176,0.054615794,6.231305733,84.38308968,0.007611744,0.315551004,4.245643491
SAB,2020,4,2285.724497,0.072585302,0.055710736,6.582522667,85.31211887,0.406031422,0.2903425,4.568034909
SAB,2021,1,1435.93206,0.046529726,0.036286572,6.104141292,125.3541202,0.375688795,0.274214369,4.276925057
SAB,2021,2,1557.384714,0.049418321,0.038558033,5.453932818,108.5794656,-0.119065,0.288778015,3.796857139
SAB,2021,3,692.309632,0.021101859,0.016562091,4.942724899,225.9104782,-0.679053694,0.259698016,3.528098535
SAB,2021,4,2048.601297,0.062003072,0.04752928,4.772873809,73.7088277,-0.087148698,0.34929469,3.176218771
SAB,2022,1,1825.557842,0.054438704,0.040952107,4.981010296,87.09666509,0.253340077,0.309556539,3.411625588
SAB,2022,2,2600.851739,0.075834092,0.058571154,4.491732187,59.44206572,0.674309665,0.280909076,3.163358719
SAB,2022,3,2092.593858,0.055436478,0.042720101,5.059680445,88.40702617,1.955126279,0.313531941,3.49454694
SAB,2022,4,1626.957398,0.042662802,0.031452001,4.817570899,102.5841243,-0.231562638,0.401540871,3.105457569
SAB,2023,1,1508.392701,0.040030758,0.03045088,5.112745773,122.4482192,-0.187811371,0.231000013,3.762499328
SAB,2023,2,1807.700923,0.047378701,0.037171568,4.230860473,84.96980779,-0.324943587,0.318274959,2.927486929
SAB,2023,3,814.3143647,0.041276202,0.032026086,3.82595643,89.03195516,-0.229851226,0.260491303,2.781808548
SAB,2023,4,738.0909296,0.037171171,0.028644813,3.469476508,85.35533695,-0.101650268,0.336331718,2.37256128
SAB,2024,1,777.5595487,0.039417864,0.030926677,3.003187139,72.92046004,0.019594857,0.215054437,2.262182176
SAB,2024,2,973.2772093,0.051134307,0.039786369,3.362889049,61.64739031,0.089621762,0.359094765,2.253163168
SAB,2024,3,872.5479585,0.045231868,0.034987248,3.092022715,66.24277719,0.081293378,0.229285818,2.299814378
SAB,2024,4,752.7575483,0.039115451,0.030172679,3.188486881,73.7289186,0.025091724,0.368387235,2.128692444
SAB,2025,1,618.3819219,0.031957837,0.024582165,2.723086853,79.07734407,-0.218893878,0.234816036,1.983547383
SAB,2025,2,941.4720842,0.051595144,0.038591868,2.962796062,49.92182008,-0.051743198,0.451267088,1.815851811
SAB,2025,3,1060.799212,0.059257801,0.043505075,2.727251549,42.60938307,0.208690955,0.278837546,1.850079489
SBT,2020,1,120.8006689,0.012463049,0.005381144,1.024433122,105.1318682,-0.662591933,1.363932594,0.419897514
SBT,2020,2,395.2623725,0.029158031,0.012320171,1.11937802,33.77503382,6.633023803,1.369506483,0.449621543
SBT,2020,3,162.1805254,0.013566839,0.005695438,1.251013106,91.25633282,1.918510554,1.394499467,0.489257321
SBT,2020,4,283.9975629,0.023266605,0.009739346,1.744242013,73.76823866,10.4920567,1.383613049,0.697076795
SBT,2021,1,300.5918638,0.023666635,0.00969922,1.829047346,74.5196484,1.00619332,1.495491745,0.699217062
SBT,2021,2,270.7711269,0.020814906,0.008358879,1.708225116,77.55627506,-0.238325958,1.484843572,0.655279425
SBT,2021,3,299.8295555,0.023303109,0.009287305,1.690545678,70.20655441,0.876460676,1.532720213,0.637395021
SBT,2021,4,401.5947846,0.027432355,0.010930587,2.239421123,64.49286942,0.342927792,1.488986786,0.717224655
SBT,2022,1,315.3039428,0.021744168,0.008488288,2.034469413,76.11703103,0.074948804,1.633329721,0.619384413
SBT,2022,2,327.3017955,0.023482231,0.008535162,1.540931334,56.98105009,0.320717651,1.868002371,0.437668751
SBT,2022,3,347.083349,0.026700495,0.00941251,1.296373873,46.67466777,0.343106697,1.80624197,0.378135007
SBT,2022,4,141.5363387,0.011791253,0.004166244,1.169982272,102.4471887,-0.517780446,1.853563851,0.336116462
SBT,2023,1,222.2097954,0.014854574,0.005204038,1.12923299,64.80362387,-0.260543869,1.85528164,0.326218016
SBT,2023,2,98.74319899,0.006835426,0.002396229,1.193107563,153.4282883,-0.683703206,1.849895537,0.340706526
SBT,2023,3,289.3512582,0.020388643,0.007145729,1.118772808,50.63050388,-0.171374074,1.85654675,0.320582852
SBT,2023,4,208.0594674,0.016197172,0.005466464,1.099623411,63.44339992,0.495968044,2.065986968,0.286351931
SBT,2024,1,275.9642381,0.016705911,0.00549002,1.008111911,44.93335834,0.226887162,2.020318067,0.26849821
SBT,2024,2,262.9725051,0.019939299,0.006561134,0.948431497,44.87161118,2.134080342,2.057985579,0.256406957
SBT,2024,3,293.3216722,0.020624487,0.006657217,1.031914102,43.97902107,0.050587183,2.138854427,0.277936265
SBT,2024,4,294.3315447,0.022067172,0.006945168,1.017034654,44.50763174,0.33766052,2.217266741,0.285651264
SBT,2025,1,266.0064477,0.020231096,0.006336959,1.249586627,55.82571448,0.14529645,2.168138534,0.35741764
SBT,2025,2,197.2428669,0.014354278,0.004646455,1.624734855,100.1303637,-0.310023072,2.011679194,0.492279956
SBT,2025,3,240.4809644,0.017589888,0.005926156,1.962202978,100.2158323,-0.130368994,1.927756175,0.58942782
SCS,2020,1,2110.559388,0.114040673,0.107506787,4.741424392,43.82724339,0.141733474,0.053698714,4.488311516
SCS,2020,2,1721.183841,0.096442058,0.080613236,7.121694295,67.1049758,-0.252216474,0.366795245,5.196066628
SCS,2020,3,1979.010055,0.114707778,0.09439622,6.630961571,60.99008931,-0.0993439,0.080000405,6.126435298
SCS,2020,4,2217.788548,0.123992452,0.114942937,7.315698685,57.71515057,-0.052024824,0.077409075,6.776833264
SCS,2021,1,2369.911013,0.126622128,0.117662132,6.59179459,55.27633709,0.130296494,0.075041323,6.122797744
SCS,2021,2,2541.814578,0.137593717,0.11267207,8.078098959,54.09521261,0.476782734,0.391832778,5.795975636
SCS,2021,3,2088.713324,0.115468408,0.092536146,7.14081237,65.35123727,0.055433406,0.119527545,6.372438598
SCS,2021,4,2745.605091,0.134867609,0.119734422,7.417828724,58.27495022,0.237992275,0.132473095,6.546320122
SCS,2022,1,3695.421619,0.13956899,0.126077013,5.710519598,43.72978692,0.365793197,0.084858519,5.260854372
SCS,2022,2,3014.229578,0.108579382,0.098814378,5.836284575,52.65026963,0.038688803,0.113353608,5.239271542
SCS,2022,3,1580.099033,0.101966015,0.091844759,4.656213423,47.97167671,0.225825097,0.107351599,4.20299733
SCS,2022,4,1675.794516,0.106205217,0.096853645,4.913186252,44.75489045,-0.010978502,0.085037941,4.526271988
SCS,2023,1,1199.361616,0.075626861,0.069960316,4.049125919,55.77967405,-0.396380708,0.077282152,3.757420339
SCS,2023,2,1368.152002,0.090621118,0.074110337,4.998931862,49.92135369,-0.155820145,0.398738217,3.572687679
SCS,2023,3,1352.080447,0.094264041,0.074930949,4.495259478,49.92306497,-0.139749097,0.129954341,3.977268954
SCS,2023,4,1360.249398,0.093152571,0.077693751,5.069719868,52.85795392,-0.183972698,0.272047804,3.984654172
SCS,2024,1,1552.214645,0.103846628,0.087861222,4.80903443,48.8978765,0.30116405,0.101397156,4.365665108
SCS,2024,2,1997.490784,0.132941006,0.119040012,6.029328255,43.05401591,0.467847233,0.133792414,5.317069705
SCS,2024,3,1957.817334,0.128427016,0.113082592,4.87001469,40.35105759,0.455794458,0.137362691,4.281377943
SCS,2024,4,1794.088577,0.115601791,0.093321227,5.400265644,44.59088643,0.32603737,0.349774565,4.000452229
SCS,2025,1,1790.806177,0.113984101,0.092137231,4.155339489,38.53013291,0.153710399,0.136599329,3.65565893
SCS,2025,2,1992.518128,0.125981468,0.099886807,4.472700638,33.72616743,-0.002489451,0.398999705,3.196852546
SCS,2025,3,2149.581325,0.133512714,0.103638941,3.61008192,28.84282594,0.097947846,0.191357581,3.030089566
SHB,2020,1,350.0034586,0.03258258,0.001673505,1.438837215,34.85679841,0.03366276,18.21343215,0.058038399
SHB,2020,2,406.2023557,0.033928088,0.001875525,1.233316747,32.00375335,-0.002347838,16.1446977,0.058307591
SHB,2020,3,431.4476513,0.032431941,0.001909359,1.382923888,35.69378569,0.35323632,15.8338382,0.067256592
SHB,2020,4,297.5383176,0.021801495,0.001282289,1.514516135,57.13549816,-0.048975192,16.16907205,0.072309677
SHB,2021,1,759.8315865,0.053580396,0.003200855,2.114829381,33.8232846,1.16495978,15.33616694,0.10752238
SHB,2021,2,632.6396733,0.046697758,0.002777161,2.486723817,45.36547614,0.708476036,16.27659182,0.120431628
SHB,2021,3,776.2197514,0.054114237,0.003237025,2.104231923,34.26864616,0.973565234,15.1992934,0.110245848
SHB,2021,4,361.5593162,0.030032967,0.001985654,1.912943781,61.67729332,0.846199357,13.25782687,0.117391973
SHB,2022,1,968.0552492,0.070393049,0.005051434,1.71008616,22.10617629,0.940974893,12.63220083,0.110698727
SHB,2022,2,770.4879564,0.052861439,0.003960155,1.014691788,17.52136408,0.686772327,12.07941575,0.068947002
SHB,2022,3,971.408239,0.063018318,0.004931041,0.877258971,12.81644472,0.733261656,11.49721091,0.06281704
SHB,2022,4,163.6251999,0.011779991,0.000929758,0.793581309,60.80970418,-0.479565624,11.84024968,0.055391718
SHB,2023,1,939.4438043,0.064951056,0.005139904,0.797242166,11.44294097,0.11600465,11.44593664,0.057820748
SHB,2023,2,636.3080849,0.041775522,0.003377839,0.888620284,19.64457202,-0.050277059,11.29208804,0.065501559
SHB,2023,3,671.2643776,0.042387327,0.00348645,0.755683933,16.53595866,-0.205329374,11.02856149,0.057147182
SHB,2023,4,119.7636766,0.00870116,0.000706921,0.857036142,90.1775923,-0.136317803,11.58527608,0.061989054
SHB,2024,1,886.8115425,0.062147699,0.005128107,0.847302596,12.85504242,0.113882981,10.67981829,0.066418535
SHB,2024,2,631.4711054,0.041824177,0.003567871,0.799606959,18.05308256,0.171022068,10.76285656,0.062521404
SHB,2024,3,475.0778533,0.031112383,0.002581024,0.786007372,23.15409974,-0.154836663,11.34751264,0.05852309
SHB,2024,4,569.9800561,0.036681271,0.002907658,0.70080995,17.98308536,3.816426826,11.87260649,0.050221844
SHB,2025,1,860.0576344,0.058496503,0.004545968,0.888299942,14.47577407,0.089448612,11.86321754,0.064006151
SHB,2025,2,897.0907737,0.058471514,0.004512201,0.892662284,14.37981571,0.595855038,12.0511491,0.063510391
SHB,2025,3,567.455607,0.040405173,0.003106308,1.268204311,29.7820654,0.498176077,11.96542336,0.091052713
SIP,2020,1,548.2963468,0.026098798,0.003566253,2.749071823,116.7251987,-0.297513428,6.037580241,0.336407768
SIP,2020,2,5132.11618,0.187414548,0.027374294,3.076665689,16.17266584,1.550021852,5.679683905,0.40070084
SIP,2020,3,2997.332387,0.112927579,0.017348163,3.089716587,26.52358488,0.256247989,5.352986454,0.426706602
SIP,2020,4,5067.259216,0.176192216,0.028517532,5.882288898,34.51570021,3.158036202,5.031853669,0.829751117
SIP,2021,1,2343.056876,0.072123965,0.012345082,6.06292,82.37102649,3.397931053,4.667552089,0.898593658
SIP,2021,2,4131.941064,0.109371977,0.019883218,4.949080322,41.3849078,-0.088018627,4.346428596,0.780523643
SIP,2021,3,1808.948057,0.055219867,0.010426168,4.396298287,75.45821975,-0.276635949,4.247687255,0.707236761
SIP,2021,4,1657.999743,0.051241547,0.00962385,4.420783965,84.43909634,-0.620848459,4.402659537,0.730642114
SIP,2022,1,2472.222249,0.068923456,0.012921106,3.996145878,55.82022411,0.129179583,4.27042473,0.687261793
SIP,2022,2,2764.39666,0.075392684,0.014274961,2.870579238,37.54888056,-0.217059651,4.292395297,0.509821504
SIP,2022,3,2056.635717,0.054874434,0.010443427,2.976879452,52.26983034,0.073483484,4.21644358,0.53646091
SIP,2022,4,3224.644226,0.085820441,0.016492623,1.949939955,21.08759765,0.819870097,4.191010278,0.332439176
SIP,2023,1,1784.454256,0.047757783,0.009246744,2.426723843,49.87519276,-0.239086797,4.139883708,0.418448434
SIP,2023,2,2766.832519,0.074838132,0.014063188,3.271265603,41.02163727,0.048318453,4.511970787,0.52152532
SIP,2023,3,1066.160296,0.053878493,0.010020159,3.21391715,56.93327751,0.036668683,4.249205796,0.542745762
SIP,2023,4,1706.343216,0.086097785,0.016435201,3.245957406,37.27268898,0.09647027,4.228441552,0.549038429
SIP,2024,1,1353.129876,0.062036613,0.011909682,4.487434309,69.46857185,0.438976985,4.190578573,0.768189969
SIP,2024,2,1643.71679,0.076414182,0.01454009,4.142499824,54.14558064,0.176994403,4.318946195,0.695526636
SIP,2024,3,1433.902098,0.069043694,0.013174607,3.559962549,49.79419452,0.54361572,4.167980088,0.6174697
SIP,2024,4,1536.231491,0.078605623,0.015242124,4.035311818,54.09341006,0.106732269,4.146631144,0.698335894
SIP,2025,1,1669.268269,0.079143803,0.015660142,3.872251964,51.63939292,0.559971644,3.968584792,0.689358147
SIP,2025,2,1351.742983,0.059913409,0.011725085,3.079490716,50.8972496,-0.039598398,4.250830605,0.519592121
SIP,2025,3,1510.991702,0.06936919,0.013563636,2.636247059,36.53229858,0.217193696,3.987156332,0.470418201
SJS,2020,1,58.50188661,0.002775228,0.000923712,0.756966225,251.2739478,-0.361168716,2.031296174,0.246441167
SJS,2020,2,126.5657675,0.006461962,0.002063919,1.269588073,185.2791672,0.679000417,2.235656239,0.387216619
SJS,2020,3,83.92377585,0.004208829,0.001289593,1.26114791,278.8244423,0.665022398,2.291606677,0.378272921
SJS,2020,4,-0.635007517,0.005875273,0.001790058,1.517198567,-44330.18387,-0.838390875,2.272787047,0.454940864
SJS,2021,1,176.3066669,0.012925062,0.00398458,2.108884393,224.0414426,3.509461904,2.215110646,0.641830686
SJS,2021,2,131.4580609,0.008688321,0.002682365,3.102490822,437.4018573,0.334892153,2.263202442,0.928514469
SJS,2021,3,115.512971,0.0091117,0.002814311,3.313841447,535.0048523,1.200299302,2.212284702,1.004846778
SJS,2021,4,4.437216486,-0.001876502,-0.00058645,4.395950378,18480.05394,-1.32410853,2.18722604,1.346247306
SJS,2022,1,101.3169384,0.006045861,0.001940906,5.054001514,942.5867133,-0.526409863,2.043831569,1.616322762
SJS,2022,2,64.32917764,0.002878511,0.001001644,3.386360792,1117.688779,-0.64231089,1.721977181,1.214854535
SJS,2022,3,22.71263333,0.001146177,0.000419837,3.012117592,2817.815048,-0.856474129,1.73812373,1.074417587
SJS,2022,4,862.4663463,0.0387064,0.014419942,2.058081591,52.75568165,NULL,1.632373888,0.764409494
SJS,2023,1,109.0573087,0.004474339,0.001696138,1.935662644,394.288109,-0.129460562,1.64351973,0.716527183
SJS,2023,2,498.320585,0.021691004,0.008245517,1.844760266,84.08241856,7.404678723,1.618041059,0.689845779
SJS,2023,3,311.1816726,0.013166936,0.005039704,2.688475444,198.9191699,11.33531281,1.607310964,1.009936063
SJS,2023,4,708.6680205,0.029599345,0.011137513,2.920253697,97.93019861,-0.176907396,1.706407585,1.057600679
SJS,2024,1,386.9810622,0.016043202,0.005891346,3.023471097,188.639722,2.840654686,1.739923709,1.096857877
SJS,2024,2,458.883328,0.018869458,0.006894911,2.557878698,137.2897993,-0.070156091,1.733583837,0.930322706
SJS,2024,3,413.2583146,0.016616845,0.006095622,2.763237795,167.4497465,0.349901547,1.718599253,1.010602884
SJS,2024,4,1098.331135,0.042658034,0.015986975,2.830752431,67.37494518,0.553429608,1.620101184,1.074468564
SJS,2025,1,590.3438332,0.022287113,0.008609741,3.9243022,177.6930563,0.520935218,1.557750562,1.527256687
SJS,2025,2,912.0595374,0.03337016,0.013193716,3.56779608,108.5455455,0.972638143,1.50178517,1.419690097
SJS,2025,3,9.685494266,0.000963084,0.000387424,6.174361393,6948.535423,-0.934491587,1.470346639,2.488329838
SSB,2020,1,NULL,0.027795671,0.002016353,NULL,NULL,1.053057285,12.18286582,NULL
SSB,2020,2,NULL,0.018288179,0.001338193,NULL,NULL,0.215970504,13.14313863,NULL
SSB,2020,3,NULL,0.031998704,0.002258657,NULL,NULL,0.724317024,13.19036734,NULL
SSB,2020,4,NULL,0.037151651,0.002721872,NULL,NULL,-0.158443633,12.18231932,NULL
SSB,2021,1,459.2783186,0.039801665,0.003045855,2.492680558,61.29181122,0.800097276,11.95713152,0.184602775
SSB,2021,2,517.9901628,0.04694945,0.00368061,3.798667479,79.44166309,2.293482191,11.56348951,0.290349758
SSB,2021,3,525.3061277,0.050246871,0.00403917,3.431837121,68.24592006,1.090541061,11.32521648,0.268198227
SSB,2021,4,356.3598024,0.034093566,0.002890283,4.189226685,127.9605604,0.250216124,10.34118421,0.357581135
SSB,2022,1,631.9189059,0.050848721,0.004736479,2.871413614,60.2134224,0.889325408,9.23521533,0.273137426
SSB,2022,2,606.7474637,0.052089563,0.005214958,2.729853781,52.08097584,0.759169407,8.751885867,0.272486098
SSB,2022,3,472.848512,0.040050402,0.004204912,2.602978412,64.71417214,0.242182219,8.307267173,0.27246027
SSB,2022,4,410.4360687,0.032935059,0.003636425,2.624796897,80.15864714,0.415776536,7.822091916,0.290056722
SSB,2023,1,418.4711684,0.03202651,0.003582963,2.428351732,75.1545205,-0.185966846,8.051344132,0.261727043
SSB,2023,2,369.3111992,0.027496007,0.003073178,2.041151175,73.24446175,-0.373074411,7.845230062,0.225076313
SSB,2023,3,445.1285453,0.032234311,0.003676783,1.826590863,56.16355155,-0.058623356,7.691221866,0.205005578
SSB,2023,4,465.3800537,0.039421542,0.004511077,2.016553001,51.35587529,0.386950509,7.783817843,0.22413498
SSB,2024,1,481.3607405,0.038838775,0.004468115,1.78734269,45.91151322,0.407031574,7.604715034,0.203064112
SSB,2024,2,553.6667067,0.042956408,0.00500401,1.619356451,37.56772756,0.833811322,7.564826346,0.184960233
SSB,2024,3,356.9569665,0.030414086,0.003555925,1.468299503,47.76486132,0.114268412,7.541673155,0.167534724
SSB,2024,4,430.664903,0.035502347,0.003975584,1.391567414,38.89334813,0.051217057,8.304922356,0.145798029
SSB,2025,1,1227.586995,0.09490131,0.010592193,1.477371701,15.92555158,1.9071772,7.646364629,0.1666528
SSB,2025,2,398.3391916,0.029025744,0.003179962,1.339765147,45.56418345,-0.179847675,8.598207809,0.136239783
SSB,2025,3,273.9859402,0.019546881,0.00205177,1.396166633,70.44157077,-0.229732414,8.456855255,0.144189305
SSI,2020,1,18.55961618,0.000961266,0.000329233,0.655415021,625.0129252,-0.954743144,1.963271887,0.21852877
SSI,2020,2,870.1262741,0.054747661,0.019555762,0.9178088,17.00902552,1.377404879,1.644602206,0.343041616
SSI,2020,3,572.5029325,0.035607367,0.013000962,1.085146365,29.60683524,0.2776896,1.836095453,0.378193626
SSI,2020,4,635.7591885,0.039335316,0.012150987,2.031593161,52.06373829,0.731298433,2.623038924,0.554309634
SSI,2021,1,656.6706303,0.03975033,0.011547144,1.80853693,48.34996197,46.19330309,2.286676966,0.545048066
SSI,2021,2,902.6657608,0.051718457,0.014856886,3.189897201,60.93063722,0.13096405,2.676350979,0.85947147
SSI,2021,3,782.2595614,0.058146162,0.015250705,2.964872559,51.96484902,0.986462259,2.941368591,0.74565489
SSI,2021,4,1015.468485,0.075895434,0.020284222,3.607749151,51.01093806,1.61964475,2.571924125,1.00182266
SSI,2022,1,711.683924,0.048228102,0.014002644,2.794254479,59.01496238,0.666721874,2.323690628,0.832568073
SSI,2022,2,283.4560546,0.028617498,0.009023259,1.978457274,66.32421392,-0.287120395,2.011933674,0.646977991
SSI,2022,3,225.9190806,0.0184152,0.007583084,1.34324389,87.64199973,-0.507245387,1.050210172,0.648928734
SSI,2022,4,210.3619772,0.010502635,0.004790436,1.190247901,84.14068091,-0.765595863,1.333213826,0.504682748
SSI,2023,1,337.8983012,0.022170813,0.009582987,1.407888164,63.62861229,-0.288080131,1.294409579,0.607420728
SSI,2023,2,378.0638185,0.025228679,0.01103059,1.765898331,68.24244675,0.346758327,1.279579401,0.76630992
SSI,2023,3,477.5281488,0.031771938,0.013472466,2.106933667,66.59293296,1.111325259,1.434518744,0.856593845
SSI,2023,4,343.870041,0.022387247,0.008260781,2.1375984,95.38487244,1.198717608,1.979288694,0.710150287
SSI,2024,1,509.7936208,0.03234326,0.011345688,2.426151778,75.52075669,0.520097958,1.726305308,0.881330273
SSI,2024,2,562.2531958,0.034729331,0.012422759,2.081470368,60.38204896,0.495800816,1.862652659,0.720531863
SSI,2024,3,526.4695687,0.032438096,0.011566804,1.763915377,52.99451604,0.118109507,1.744422433,0.636207227
SSI,2024,4,218.0254718,0.017210492,0.006276304,1.923970054,119.4814523,-0.147702436,1.740084986,0.695261226
SSI,2025,1,430.1984693,0.030955188,0.010713892,1.858321596,60.43722109,0.104269205,2.033708642,0.606929029
SSI,2025,2,491.668058,0.034367512,0.010993738,1.717911692,50.23714597,0.140433722,2.215575187,0.529499774
SSI,2025,3,710.5917296,0.049300767,0.015315352,2.581007436,54.25056104,0.858445559,2.222215522,0.794608753
STB,2020,1,435.6385697,0.028947035,0.001721875,0.549644904,16.7570103,-0.069294112,15.6654819,0.028680779
STB,2020,2,190.3747108,0.012487488,0.000729818,0.813887735,56.46758413,0.117795465,16.55695231,0.040235225
STB,2020,3,397.1162023,0.025740534,0.001481237,1.017798013,34.75053377,-0.072044609,16.20331335,0.051297961
STB,2020,4,463.8418815,0.029272136,0.001711334,1.213092554,36.43482979,0.573853204,16.00897613,0.06188985
STB,2021,1,444.1329954,0.027298023,0.001618399,1.490541923,48.29634417,0.019498792,15.72932851,0.077776866
STB,2021,2,616.9915917,0.037022033,0.002221321,2.076844938,49.59548949,2.240932522,15.60535767,0.109391688
STB,2021,3,339.3394159,0.020064568,0.001280956,1.628095913,75.73538113,-0.106849468,13.80672303,0.098018482
STB,2021,4,455.0497817,0.025363991,0.001689692,1.941631896,69.2231955,0.025408494,14.21006428,0.113955755
STB,2022,1,675.8250471,0.036536611,0.002373341,1.876950797,46.90563059,0.590483633,14.57277311,0.108157681
STB,2022,2,426.4175145,0.022556056,0.001456372,1.248993636,50.42006781,-0.277623268,14.40365924,0.073504737
STB,2022,3,642.6887861,0.033314108,0.002172088,1.157589268,32.05283871,0.893940862,14.27312028,0.068833633
STB,2022,4,928.8714205,0.046346086,0.003029361,1.19253332,24.22294357,1.041252315,14.3236792,0.071662109
STB,2023,1,1007.819415,0.047987929,0.003196962,1.317246764,25.99672085,0.491243066,13.71219092,0.082777189
STB,2023,2,1021.170142,0.046754272,0.003158866,1.447728266,29.18220851,1.394765944,13.88712113,0.090294833
STB,2023,3,867.0583351,0.038234728,0.002567155,1.420103682,35.34940933,0.349110726,13.90021717,0.08871933
STB,2023,4,1198.240064,0.050510817,0.003407979,1.23263709,23.32587671,0.28999562,13.74595849,0.078132543
STB,2024,1,1119.980585,0.045094841,0.00308702,1.32720918,28.21477482,0.11129094,13.47608106,0.085897402
STB,2024,2,1154.68961,0.044889319,0.00308586,1.177757691,24.94176768,0.130751442,13.61578541,0.075691128
STB,2024,3,1167.597417,0.043866222,0.003099592,1.302885051,28.56292719,0.346619218,12.70863381,0.089435608
STB,2024,4,1908.576281,0.067726889,0.004959172,1.337980316,19.33378318,0.59281628,12.60862973,0.092988861
STB,2025,1,1536.530793,0.051344108,0.003848944,1.315716035,24.92628209,0.371926277,12.08437996,0.095369698
STB,2025,2,1534.889602,0.049175899,0.00369923,1.547667537,30.425641,0.329265968,12.49586985,0.109049048
STB,2025,3,1538.966059,0.047357835,0.00350337,1.794661782,36.97287519,0.318062233,12.53871081,0.126355827
SZC,2020,1,536.5779991,0.046073691,0.01697745,1.113186009,23.48214057,1.897854331,1.829928017,0.393344794
SZC,2020,2,715.054725,0.061237886,0.021866742,1.529051085,25.73229622,1.34242768,1.772826301,0.551423914
SZC,2020,3,370.8524362,0.030349446,0.010347571,2.124230891,71.05251963,-0.436016006,2.088388708,0.687792591
SZC,2020,4,237.5268779,0.018966336,0.005759035,2.531235738,134.7215957,0.148799982,2.494397806,0.724351297
SZC,2021,1,795.4795021,0.06100253,0.016684975,2.868825232,48.46133671,0.48250488,2.808298948,0.753292554
SZC,2021,2,1094.440851,0.08183551,0.021240997,2.900243566,35.26915135,0.530569357,2.897559461,0.744103296
SZC,2021,3,665.318636,0.048769351,0.012526389,3.36325197,70.64284308,0.794025254,2.889299577,0.864730297
SZC,2021,4,681.0486789,0.047574779,0.012324893,4.64010377,99.84601998,1.867248898,2.832171653,1.21074535
SZC,2022,1,753.1142627,0.052339904,0.013362615,5.417458824,101.5782117,-0.053257487,3.004812615,1.352645475
SZC,2022,2,611.6973536,0.042397081,0.010564708,3.054417081,73.56579154,-0.441086877,3.021015488,0.75956674
SZC,2022,3,233.1858445,0.015702476,0.003899452,2.732861016,175.3965816,-0.649512531,3.032578201,0.677657178
SZC,2022,4,375.6689868,0.024788964,0.006073629,1.707761291,69.74224895,-0.448396277,3.129044759,0.41357566
SZC,2023,1,117.533876,0.007631432,0.001860183,1.908235312,250.9914674,-0.843936197,3.07619102,0.4681192
SZC,2023,2,959.6860856,0.060505462,0.015175563,2.22303555,37.6685674,0.568890367,2.902271701,0.569653019
SZC,2023,3,459.0860097,0.033312569,0.008641445,2.523809231,77.00082175,1.362506325,2.809229844,0.662368863
SZC,2023,4,467.175086,0.032797921,0.008388965,3.084130783,95.46741968,0.492297583,3.006830692,0.768840588
SZC,2024,1,361.5770964,0.027642387,0.00866641,2.667011565,121.6891237,4.537022004,1.711768495,0.982858751
SZC,2024,2,567.9750554,0.034408234,0.012536727,2.349198226,68.22482718,0.065217909,1.777427212,0.845287041
SZC,2024,3,331.0784242,0.019859671,0.007241406,2.23751253,113.7192799,0.081668322,1.708291022,0.825694919
SZC,2024,4,417.9854708,0.024521858,0.009156265,2.458663844,101.4389326,0.341957623,1.648740902,0.927739608
SZC,2025,1,701.9927446,0.039873688,0.015561865,2.312291509,59.11742011,0.941474589,1.479178025,0.9322253
SZC,2025,2,527.4170539,0.029884336,0.011737299,2.212714202,72.71285545,-0.071408068,1.615397674,0.845586665
SZC,2025,3,115.6823616,0.006648925,0.002544931,1.940071844,292.6115921,-0.650589247,1.609851364,0.742994822
TCB,2020,1,701.65537,0.039563935,0.006461974,0.849149654,21.37801639,0.197668955,5.066003842,0.133999608
TCB,2020,2,804.7903886,0.043766029,0.007335557,1.06791228,24.29203961,0.187576099,4.870765683,0.172857966
TCB,2020,3,885.398308,0.046078286,0.007977364,1.179526493,25.52523514,0.231424476,4.68575405,0.197037868
TCB,2020,4,1127.905211,0.055191632,0.00952971,1.555244661,27.92787878,0.28495498,4.891632967,0.251146064
TCB,2021,1,1254.449823,0.058243293,0.009920412,1.878082218,32.2053535,0.786446572,4.851643826,0.305944835
TCB,2021,2,1344.151795,0.058979639,0.00994008,2.315177442,39.2068814,0.663781696,5.010699585,0.366264483
TCB,2021,3,1235.461482,0.051450137,0.008474786,2.071499352,40.14694162,0.393610977,5.128174698,0.321510388
TCB,2021,4,1312.135231,0.051816777,0.008466506,1.981355169,38.10582843,0.17289911,5.112639211,0.308663274
TCB,2022,1,1567.857472,0.058598532,0.009484033,1.849695916,31.60363801,0.254305589,5.240950951,0.282746982
TCB,2022,2,1652.995112,0.057935799,0.009495098,1.249463763,21.50641568,0.223772572,4.970208708,0.200104724
TCB,2022,3,1506.285678,0.050076337,0.008289048,1.087506509,21.57625242,0.211072516,5.108814582,0.170268342
TCB,2022,4,1007.685997,0.031990159,0.005213256,0.845132589,25.6528324,-0.240054735,5.162951321,0.130066356
TCB,2023,1,1278.530012,0.039215952,0.006378821,0.888905306,22.17390263,-0.191902851,5.133304358,0.137817911
TCB,2023,2,1266.634316,0.037461563,0.006186107,0.97894245,25.54012598,-0.234400923,4.981058657,0.155341024
TCB,2023,3,1311.524078,0.037410281,0.006168401,0.979004379,25.65717287,-0.130196515,5.145520185,0.151488939
TCB,2023,4,1260.154827,0.034641058,0.005496349,0.896599287,25.23499441,0.254620898,5.454242588,0.131863703
TCB,2024,1,1766.068959,0.04658452,0.007235173,1.280202335,26.92420348,0.383484417,5.423703126,0.189120685
TCB,2024,2,879.1117093,0.045364797,0.006990086,1.253703378,26.56090205,0.392259133,5.555725999,0.181107609
TCB,2024,3,814.4055913,0.040951714,0.006312682,1.24306325,29.71492369,0.240819885,5.421460854,0.18390476
TCB,2024,4,477.1600487,0.023400767,0.003589063,1.24811784,51.65981533,-0.236857472,5.616202897,0.177920774
TCB,2025,1,841.9086797,0.039838785,0.006111247,1.333659563,32.66387515,-0.041977358,5.425455467,0.196401417
TCB,2025,2,884.2880546,0.04020275,0.006263487,1.592785438,38.67518036,0.012383157,5.412056867,0.232852119
TCB,2025,3,908.631099,0.038759698,0.006103245,1.691477354,41.65606927,0.141636438,5.295305829,0.23673126
TCH,2020,1,494.3667676,0.038037427,0.020741786,1.281614907,33.37602987,1.10374213,0.833689407,0.67337249
TCH,2020,2,600.1707036,0.040250689,0.023180697,1.569347702,35.48990291,2.081452512,0.662034738,0.732857507
TCH,2020,3,1139.587986,0.067498919,0.044358308,1.528793221,18.91034326,1.488114318,0.39972778,0.764912071
TCH,2020,4,338.4380298,0.020928078,0.015402851,1.448003673,58.94727614,-0.215848462,0.323592668,0.641284469
TCH,2021,1,458.4863078,0.024035704,0.019313445,1.596509206,49.94696594,0.180050445,0.170389829,0.826897399
TCH,2021,2,217.4233994,0.014340865,0.012503828,1.448152845,100.4951632,-0.405617784,0.124608241,0.83200853
TCH,2021,3,205.0595381,0.01701461,0.014440321,1.796298907,87.04788945,-0.643440015,0.231064832,0.946844498
TCH,2021,4,136.4767242,0.014466176,0.012042436,2.086669787,201.1331981,-0.028677531,0.178094935,1.277821075
TCH,2022,1,143.1308841,0.013239989,0.011189021,1.51938874,141.1295691,-0.212826644,0.188442112,0.920239287
TCH,2022,2,98.55883497,0.008110881,0.006648297,0.800367855,108.564595,-0.228317815,0.251234456,0.458427621
TCH,2022,3,-86.72901747,-0.002254666,-0.001764316,0.870581238,-130.2908799,-1.173063738,0.305460351,0.478680859
TCH,2022,4,112.4833251,0.016796461,0.013136479,0.571001373,60.36450286,0.261348831,0.250270186,0.317037306
TCH,2023,1,243.7823825,0.018147807,0.014717327,0.585249616,30.2318811,0.291099,0.216221222,0.347390287
TCH,2023,2,159.0160076,0.014492122,0.011807115,0.697145741,55.90632122,0.69012695,0.238445311,0.406174243
TCH,2023,3,83.08614011,0.008386292,0.006654032,0.94008834,139.61414,NULL,0.282809811,0.52547057
TCH,2023,4,403.6851028,0.039197892,0.029149978,1.033641858,32.69875432,1.325327532,0.404267973,0.525785254
TCH,2024,1,467.4236037,0.04231996,0.032857974,1.18599131,33.58837653,1.460881263,0.17622246,0.71735083
TCH,2024,2,211.0211555,0.018265847,0.015421945,1.412749137,90.03836585,0.347616565,0.192446097,0.84128308
TCH,2024,3,328.8598697,0.020201728,0.016949403,1.318544099,55.19068051,1.640867135,0.191333162,0.789336255
TCH,2024,4,458.7703626,0.02901362,0.024725531,1.06510005,33.02305736,-0.173664471,0.156034035,0.65956782
TCH,2025,1,280.8665653,0.019048568,0.016593354,1.240947583,64.08737181,-0.506577025,0.139996552,0.78450781
TCH,2025,2,56.67771317,0.00439827,0.003772264,1.455076739,352.8723881,-0.754612085,0.194750564,0.922981856
TCH,2025,3,46.29368146,0.004278463,0.003345008,1.699518216,478.467024,-0.781704121,0.350916963,1.001686956
TLG,2020,1,-256.2353658,-0.011272884,-0.008516525,1.234564991,-105.3718714,-1.610521362,0.309142845,0.927647786
TLG,2020,2,485.3652358,0.021551842,0.016401238,1.630425083,73.96491827,-0.757434731,0.318997442,1.216606901
TLG,2020,3,1686.244514,0.075099229,0.056396567,1.576880214,20.75618317,0.868595378,0.344166237,1.155449331
TLG,2020,4,1209.55859,0.054272383,0.040684827,1.760243383,32.24316731,-0.008722721,0.323944736,1.310803073
TLG,2021,1,1092.229144,0.047799759,0.036445252,1.677442833,35.20323571,NULL,0.299557352,1.273797851
TLG,2021,2,1170.291765,0.049311761,0.037517862,1.620201406,33.15412546,1.458561916,0.328534364,1.204949432
TLG,2021,3,47.44820081,0.002019479,0.001542615,1.843991998,873.5842306,-0.971308393,0.288454021,1.413900059
TLG,2021,4,1246.935047,0.053956982,0.041044815,1.96487082,36.56966744,0.030900907,0.339925192,1.450215097
TLG,2022,1,1473.612503,0.061374378,0.046912303,1.926214993,31.7586882,0.349178889,0.278033727,1.491370783
TLG,2022,2,2384.839294,0.095488716,0.071721961,1.976957924,20.79804712,1.037816009,0.38294334,1.412227563
TLG,2022,3,1333.57354,0.051096857,0.037741096,2.068285736,40.94262397,27.05313842,0.326236202,1.541713787
TLG,2022,4,-32.64859817,-0.001377203,-0.000988128,2.053497728,-1562.088508,-1.028644844,0.465385075,1.382874607
TLG,2023,1,1294.516285,0.050383334,0.035409925,1.933705993,38.16097222,-0.127069607,0.381529468,1.380825475
TLG,2023,2,2174.964231,0.083722186,0.05784194,2.312266338,26.98894959,-0.093592368,0.513723461,1.506396019
TLG,2023,3,774.5108637,0.029271962,0.020891101,2.118688493,71.52901605,-0.425740346,0.291763271,1.619389366
TLG,2023,4,366.2033147,0.013708673,0.010411523,1.938233276,139.2668989,NULL,0.341200999,1.427235558
TLG,2024,1,1123.942243,0.041331932,0.031064262,1.824761338,44.4862717,-0.117533922,0.320276379,1.365824004
TLG,2024,2,3083.102819,0.105846052,0.078544364,1.731787225,16.8661258,0.436063435,0.372569828,1.249041887
TLG,2024,3,1168.800803,0.038289114,0.027814812,1.814406626,46.80010475,0.537599094,0.380562153,1.301836452
TLG,2024,4,452.9145089,0.016442263,0.011696969,2.450847999,145.5020731,0.368308329,0.431288963,1.695843587
TLG,2025,1,912.5773744,0.032849718,0.023397052,2.050341498,62.46045716,-0.112371353,0.377609959,1.474973657
TLG,2025,2,2575.689052,0.090727371,0.062442734,1.859901294,20.42171975,-0.081246419,0.52708829,1.207675992
TLG,2025,3,867.5068581,0.030194366,0.020038837,1.827330176,60.74879928,-0.171751077,0.487169272,1.219326774
TPB,2020,1,991.0796112,0.060086387,0.004745581,1.026649002,17.30436163,0.186247666,11.74140834,0.079284751
TPB,2020,2,1001.563669,0.057730269,0.004569353,1.179975629,20.56783871,0.333706231,11.53156143,0.092761764
TPB,2020,3,969.3056893,0.052928305,0.00422362,1.257071059,24.1925744,0.261686608,11.5314446,0.098979168
TPB,2020,4,1058.047792,0.067834512,0.005460764,1.67452479,25.32966865,-0.067901846,11.32141006,0.134010742
TPB,2021,1,1103.109339,0.06560337,0.005387537,1.62248162,25.24681735,0.406208413,11.0420491,0.132922754
TPB,2021,2,1182.310752,0.06628681,0.005528143,1.965596112,31.08319866,0.549243749,10.94542377,0.1625777
TPB,2021,3,947.2610623,0.04928568,0.004416775,1.989625117,43.91608782,0.402231687,9.514406645,0.187231592
TPB,2021,4,830.8629268,0.051795878,0.004751735,2.525387471,49.40646487,0.204006079,10.26818368,0.221738589
TPB,2022,1,821.4923255,0.048696262,0.004364433,2.341892506,48.87446754,0.141798671,10.05249346,0.209857087
TPB,2022,2,1094.015482,0.061376437,0.005642283,1.495937135,24.81683345,0.36574434,9.71318937,0.138188241
TPB,2022,3,1082.102768,0.057393261,0.005450183,1.3028225,23.10316611,0.542169912,9.357562602,0.12461529
TPB,2022,4,960.4878913,0.048325283,0.004703861,1.042550798,21.91594521,0.156012455,9.193684689,0.101316213
TPB,2023,1,893.4642582,0.042889672,0.0042051,1.051870859,24.84710473,0.087611205,9.204955913,0.102220382
TPB,2023,2,817.5125701,0.040004342,0.003764887,0.926728379,22.01801007,-0.252741315,10.08266601,0.082909243
TPB,2023,3,798.3793981,0.039856193,0.003672067,0.880948515,22.35779135,-0.262196326,9.634980917,0.081980622
TPB,2023,4,224.4409259,0.015174601,0.001409733,1.181869249,77.52596781,-0.674750882,9.891942584,0.107416713
TPB,2024,1,664.4139442,0.043709206,0.004106071,1.241293193,28.74713899,0.035064766,9.408548435,0.118164417
TPB,2024,2,691.5587705,0.04362682,0.004244508,1.072375943,24.87134967,0.177444214,9.153470385,0.104736824
TPB,2024,3,523.4855908,0.038460047,0.003703338,1.264366457,32.85668279,0.095169542,9.61252427,0.117922363
TPB,2024,4,644.6931265,0.046092695,0.004240214,1.181561156,25.82624091,2.446924638,10.11941203,0.105228668
TPB,2025,1,638.4254223,0.043761243,0.004180568,0.965283264,22.39885741,0.153058832,8.847440706,0.097147939
TPB,2025,2,616.8171912,0.041934443,0.003986891,0.93766087,21.80548823,0.070305978,10.21085562,0.082909803
TPB,2025,3,575.5735096,0.03887954,0.003454103,1.259611783,32.74994364,0.099502901,10.29923945,0.110204966
VCB,2020,1,882.8104323,0.050407108,0.003534157,3.547208026,70.23025299,-0.11213269,12.45061184,0.256421964
VCB,2020,2,974.1833823,0.05285545,0.003961659,4.359493197,82.42801248,0.057460462,12.23835732,0.320457173
VCB,2020,3,843.2940361,0.043633232,0.003365682,4.365985639,99.72796723,-0.209000128,11.70167382,0.334859492
VCB,2020,4,1198.549211,0.060514816,0.004516012,5.097981323,81.68208626,0.290940786,13.09458938,0.349346147
VCB,2021,1,1458.542806,0.070809102,0.005302881,4.583730094,64.9963783,0.651468266,11.6620656,0.350785416
VCB,2021,2,836.7862934,0.03850185,0.003069649,5.406446792,139.1036169,-0.141029991,11.4279121,0.422384415
VCB,2021,3,970.7583547,0.042890529,0.003420289,4.318147493,100.1279047,0.151027413,11.64745018,0.332073963
VCB,2021,4,1365.446883,0.059160588,0.004619838,3.519567325,57.71004423,0.138968322,11.96468462,0.263610329
VCB,2022,1,1682.441864,0.070447385,0.005537894,3.407450174,48.79812002,0.153442001,11.49382511,0.265623039
VCB,2022,2,1254.502528,0.049502193,0.003878002,2.948992856,59.62522861,0.498718684,12.02288731,0.221012953
VCB,2022,3,1281.531699,0.048289141,0.003733497,2.759728213,57.11914897,0.319648606,11.84889874,0.209994365
VCB,2022,4,2099.307176,0.075294784,0.005740039,2.852150997,38.10781047,0.536939969,12.37167357,0.208732032
VCB,2023,1,1898.870266,0.064158105,0.004913276,3.049399962,48.13388341,0.128582933,11.76408301,0.234263802
VCB,2023,2,1568.472691,0.050077333,0.004183935,3.171449091,63.75629017,0.250091595,10.21224004,0.277685336
VCB,2023,3,1535.95215,0.046744939,0.004234836,2.645814434,56.96792053,0.198553937,9.872063075,0.239180886
VCB,2023,4,1673.800903,0.057732333,0.005242367,2.764829618,47.97464254,-0.058370748,10.14831511,0.243966519
VCB,2024,1,1535.132564,0.050710654,0.004752403,3.102301726,61.81876551,-0.045141511,9.216412828,0.299036308
VCB,2024,2,1452.72525,0.045732183,0.00441638,2.659519842,58.64839205,0.09380115,9.487669961,0.249885007
VCB,2024,3,1532.735394,0.046088704,0.004467166,2.740530548,60.02340674,0.178421611,9.154452765,0.266097357
VCB,2024,4,1532.517112,0.044345585,0.004265515,2.63354957,59.50993909,-0.084413378,9.630866759,0.244370101
VCB,2025,1,1040.757198,0.043383793,0.004148485,2.643171862,61.49368951,0.01347928,9.291996392,0.25353112
VCB,2025,2,1056.992391,0.042214261,0.004084854,2.255491735,53.92659442,0.087715388,9.374936125,0.214766243
VCB,2025,3,1079.565553,0.041350314,0.003927721,2.352543594,57.43050976,0.052850314,9.674487795,0.217834912
VCG,2020,1,151.449144,0.008272812,0.003581184,1.580510866,161.7704752,-0.357877924,1.283317881,0.617805464
VCG,2020,2,746.3178463,0.045267196,0.019649762,1.678741205,35.10568604,0.642970185,1.323852096,0.641698976
VCG,2020,3,2269.872501,0.125348333,0.055506889,2.242614291,17.6661905,3.106883368,1.200373717,0.915048948
VCG,2020,4,593.013858,0.032699834,0.013396708,2.903853749,77.73848685,0.059258567,1.735270619,0.943641568
VCG,2021,1,848.75616,0.046416595,0.016782328,2.702293802,52.90094154,4.409498904,1.794325549,0.840491739
VCG,2021,2,-282.9714763,-0.012755594,-0.003738917,3.331132087,-175.9894695,-1.276299909,3.049936821,0.725067268
VCG,2021,3,125.2670512,0.014472887,0.003572176,2.134390507,256.1727102,-0.89506939,3.053147807,0.456405113
VCG,2021,4,379.9946849,0.027296126,0.006710059,2.738356313,107.5278198,-0.203619495,3.082673108,0.578566918
VCG,2022,1,1719.073765,0.092903049,0.025230102,2.071455198,19.76645836,1.258320063,2.347799368,0.490038334
VCG,2022,2,-215.1018404,-0.006387497,-0.00194756,1.149109909,-73.96496454,NULL,2.215688807,0.247305138
VCG,2022,3,385.3838826,0.025328265,0.008014975,1.364078896,50.36536523,1.290022604,2.105936295,0.304557327
VCG,2022,4,-123.0612729,-0.003844159,-0.001214972,1.112151952,-127.416202,-1.183782982,2.222273578,0.238086318
VCG,2023,1,33.07659679,0.001896255,0.000583955,1.319799686,563.5404428,-0.975862778,2.272271841,0.278890962
VCG,2023,2,230.1981578,0.015900866,0.004961983,1.451767767,90.57413924,NULL,2.137306939,0.322965988
VCG,2023,3,213.8225944,0.002744579,0.000895065,1.656875881,112.9440977,-0.889805641,1.995577418,0.390708882
VCG,2023,4,321.2419716,0.018922043,0.006314942,1.822585716,76.88908107,NULL,1.99718999,0.430088586
VCG,2024,1,866.5312278,0.046032819,0.016149719,1.767862622,29.42767575,24.63635129,1.710213678,0.468806494
VCG,2024,2,258.8648031,0.012565368,0.004695638,1.399672765,70.50012124,-0.144612586,1.642071529,0.381495627
VCG,2024,3,134.0829759,0.013546826,0.005093622,1.42337232,139.8387817,4.367548168,1.676903267,0.383360743
VCG,2024,4,381.2189402,0.031090186,0.011676764,1.332837871,47.61043612,0.787885476,1.648465412,0.369029749
VCG,2025,1,213.7745991,0.013529802,0.005182798,1.572472627,101.7426771,-0.686244052,1.573083853,0.44909018
VCG,2025,2,431.4724192,0.029258023,0.011214217,1.766166249,51.10407761,1.413693665,1.645521286,0.485977902
VCG,2025,3,5076.989121,0.282975875,0.113256961,1.577510621,5.455989631,21.4039525,1.365676838,0.617051817
VCI,2020,1,721.8053164,0.030942776,0.016465735,0.646580541,19.67289472,-0.414573085,0.981883396,0.325795859
VCI,2020,2,1248.159025,0.055838887,0.029537555,0.90466629,16.42418922,0.468451765,0.801896362,0.500882216
VCI,2020,3,576.903414,0.024694829,0.01417268,1.193547061,49.92170145,-0.36544089,0.686946601,0.70625621
VCI,2020,4,2112.399174,0.082100433,0.046239876,2.134579622,27.55161085,0.744326404,0.853904703,1.149779789
VCI,2021,1,1762.428186,0.061884247,0.032806519,2.157206857,36.25679646,1.461254108,0.916203223,1.124497305
VCI,2021,2,1232.037737,0.080336167,0.039209577,3.280896434,42.36883208,1.000797293,1.171771293,1.509342272
VCI,2021,3,988.8725483,0.056577339,0.026152149,2.260261164,43.47375208,2.449360567,1.156379954,1.047515354
VCI,2021,4,1403.294723,0.072564596,0.030842074,2.723618858,38.1103122,0.335847261,1.543046885,1.070483072
VCI,2022,1,1252.738635,0.060934914,0.024770489,1.919887256,32.89592804,0.429331428,1.383980784,0.805057072
VCI,2022,2,897.6178997,0.042080686,0.017966664,1.139229365,27.04937146,-0.267060601,1.300275482,0.495135681
VCI,2022,3,281.7019197,0.01786685,0.00763676,1.855761375,99.67983188,-0.627442413,1.382176046,0.778822479
VCI,2022,4,65.28826124,0.004345301,0.001899052,1.535616403,350.7521807,-0.939154266,1.192721285,0.700212324
VCI,2023,1,167.7482496,0.010933521,0.004996669,2.023588645,190.2255318,-0.8248777,1.183849684,0.926548045
VCI,2023,2,267.1922728,0.016420635,0.007920353,2.172830562,136.9800093,-0.611254263,0.970125797,1.102822506
VCI,2023,3,409.1501135,0.024418416,0.011388168,2.476745851,100.8187427,0.459092306,1.320129516,1.066781014
VCI,2023,4,281.0297204,0.016770525,0.007195923,2.539967345,152.1191422,3.324212688,1.340876056,1.08391649
VCI,2024,1,452.0147712,0.025437306,0.01074771,2.881013378,119.0226591,1.706976764,1.39010229,1.204296585
VCI,2024,2,631.8322695,0.032778761,0.013092935,2.301475629,72.96240193,1.38849234,1.608265404,0.881681982
VCI,2024,3,374.8714817,0.024610878,0.00989658,2.441431322,97.90021858,0.20306372,1.362304971,1.032714253
VCI,2024,4,304.1037515,0.020232848,0.009291187,1.842755476,109.1732668,0.776135445,1.054349272,0.89653998
VCI,2025,1,410.6224703,0.023104751,0.011719763,2.187318548,93.27302515,0.491065216,0.886120354,1.1591219
VCI,2025,2,256.0952097,0.014700869,0.008061382,2.064772826,139.5965198,-0.341341558,0.760403864,1.172359835
VCI,2025,3,581.5953582,0.033474887,0.016284352,2.479089769,74.70829914,0.951504357,1.345510275,1.056513372
VGC,2020,1,353.9786772,0.023822338,0.008336063,0.99460543,39.83290777,-0.05762124,1.832437527,0.311364261
VGC,2020,2,346.8539591,0.023985789,0.008425168,1.325223529,54.92225042,-0.242870324,1.861135716,0.408720695
VGC,2020,3,421.8479816,0.03059258,0.010325874,1.679862195,54.52201031,0.077204637,2.069264085,0.48255046
VGC,2020,4,200.2509201,0.014878992,0.004860239,1.93503977,133.8320942,-0.288370215,2.053569162,0.558564154
VGC,2021,1,618.3559525,0.038992137,0.013005385,2.477730399,57.65287753,0.650159524,1.944636542,0.744093027
VGC,2021,2,760.9598081,0.048778502,0.017745505,2.15086737,39.42389556,1.015815897,1.54612764,0.749302482
VGC,2021,3,445.1298091,0.028854212,0.011477482,2.090393662,67.64318944,-0.04445056,1.483374204,0.73428115
VGC,2021,4,913.9839426,0.056087331,0.02189372,3.073456546,52.07968957,3.243962299,1.63119297,0.969404125
VGC,2022,1,1565.647153,0.086131442,0.033578782,3.408579492,37.03899686,1.690245324,1.504227371,1.141268324
VGC,2022,2,1434.535803,0.076089333,0.030615253,2.942452487,34.41531392,0.980545535,1.466493262,0.984431125
VGC,2022,3,493.8515019,0.029398652,0.011601067,3.017374453,99.42259933,0.268811854,1.603550526,0.951872844
VGC,2022,4,360.5152889,0.022643505,0.008828407,1.942656269,89.538505,-0.540009652,1.527004638,0.630375345
VGC,2023,1,429.9899122,0.016552349,0.006549577,1.87003582,74.07150516,-0.798504413,1.527470367,0.612407989
VGC,2023,2,1324.684714,0.066803216,0.026922673,2.429078985,31.48673761,-0.097134076,1.43648287,0.807544191
VGC,2023,3,921.3834313,0.044371983,0.01854537,2.561661525,50.3590562,0.638933598,1.351093783,0.881287968
VGC,2023,4,40.83778942,-0.004962554,-0.002035189,3.199691682,1344.34309,-1.238630618,1.530384884,1.021336965
VGC,2024,1,459.6209865,0.024626841,0.010012655,3.316141865,127.0612129,0.566444592,1.390429317,1.122916251
VGC,2024,2,354.1984545,0.017543867,0.007285088,2.927501336,147.0926802,-0.726613361,1.425968421,0.988221672
VGC,2024,3,457.9477643,0.023777459,0.009783992,2.395526785,95.20736513,-0.459958434,1.434423427,0.806732442
VGC,2024,4,1192.233836,0.05475799,0.022219207,2.473269975,37.70233545,NULL,1.494465969,0.811736917
VGC,2025,1,715.1875119,0.029554412,0.012237826,2.593431936,68.51350057,0.257608941,1.337845504,0.916808529
VGC,2025,2,977.213395,0.051092994,0.02183707,2.289819174,45.99814148,2.155244241,1.34151918,0.791465311
VGC,2025,3,205.7236613,0.01081879,0.004605546,2.876741327,277.5567946,-0.497624364,1.356639446,0.999088503
VHC,2020,1,836.1670633,0.030710047,0.023310156,0.790894427,24.51663178,-0.505004794,0.280533693,0.579145543
VHC,2020,2,1231.414347,0.043828731,0.033955605,1.30129532,28.50380953,-0.466473743,0.300672568,0.945228725
VHC,2020,3,964.1151264,0.033208932,0.025489368,1.574722201,45.4302591,-0.308901902,0.304964643,1.137232755
VHC,2020,4,842.1146942,0.029098227,0.021580885,1.552466774,49.16194942,-0.231161169,0.393455429,1.047356093
VHC,2021,1,720.2089469,0.024982831,0.018240106,1.41183755,53.87325465,-0.135226282,0.346803641,0.975899332
VHC,2021,2,1429.589848,0.048163426,0.034348049,1.611649651,31.82731052,0.165531598,0.456602057,1.038506589
VHC,2021,3,1403.946338,0.045744968,0.031860156,1.743625496,36.82476929,0.460576851,0.415937857,1.159617806
VHC,2021,4,2498.739695,0.07944597,0.054757618,2.084852082,25.13266993,2.010212166,0.484885102,1.308220145
VHC,2022,1,3010.511428,0.089822933,0.058187205,2.856066308,31.48966622,3.205368926,0.597420869,1.677386095
VHC,2022,2,4302.540367,0.115878542,0.073505863,2.46223528,21.73134753,2.070867263,0.558221875,1.486242985
VHC,2022,3,2455.117971,0.060237629,0.039227963,2.104353667,34.58082301,0.794695328,0.514259874,1.30751278
VHC,2022,4,1026.75352,0.025441168,0.016849704,1.772314005,67.98126195,-0.570916491,0.505420497,1.105015229
VHC,2023,1,1194.174625,0.028971134,0.019420647,1.320952019,44.71707813,-0.591976731,0.478457634,0.839453035
VHC,2023,2,2395.405931,0.056599353,0.038096565,1.554189536,27.13527555,-0.430612802,0.492594371,0.968613427
VHC,2023,3,1039.523892,0.02404862,0.016286411,1.839810246,75.90013141,-0.563072792,0.461033077,1.170014744
VHC,2023,4,375.9530599,0.010612284,0.007445601,1.764887039,197.897046,-0.542725837,0.390114298,1.165254577
VHC,2024,1,755.8953545,0.022345531,0.015731865,2.313553101,103.7180604,-0.162524666,0.451631935,1.455185421
VHC,2024,2,1416.915805,0.040005686,0.027978429,1.989030979,49.4736524,-0.255218769,0.408973924,1.287921636
VHC,2024,3,1428.470593,0.038581539,0.027573624,1.970622333,50.61357254,0.697646506,0.389831352,1.295946772
VHC,2024,4,1861.78974,0.048040716,0.034936445,1.928766893,37.8667894,3.778644942,0.360319792,1.293422525
VHC,2025,1,860.1146566,0.023225177,0.016868557,1.669565523,72.66473082,0.117807469,0.392965918,1.094066813
VHC,2025,2,2293.414927,0.057032665,0.042110354,1.507366967,26.03105059,0.586078818,0.317765041,1.047261163
VHC,2025,3,1929.121223,0.045827359,0.034636361,1.339857336,28.87325034,0.335255998,0.328195171,0.925955436
VHM,2020,1,2043.231098,0.1115297,0.038208386,2.930539437,26.91814942,1.84515187,1.806346929,0.907471813
VHM,2020,2,1025.446702,0.046126849,0.015971404,3.706663625,73.62644969,-0.598984408,1.966114382,1.125000244
VHM,2020,3,1808.716473,0.079530433,0.027605102,3.379556068,41.74230794,0.000753523,1.799127665,1.146838185
VHM,2020,4,3434.078589,0.137235261,0.053092853,3.486864137,26.06230395,0.685444254,1.396569418,1.394738027
VHM,2021,1,1611.024513,0.059447144,0.025920899,3.586250042,60.39634978,-0.283490367,1.195606786,1.569016275
VHM,2021,2,3141.125344,0.108961873,0.050516197,4.13406684,37.56615451,2.094654471,1.120212752,1.874524973
VHM,2021,3,2564.504496,0.102243234,0.052011186,2.909473781,29.66654967,0.82145006,0.837331314,1.508296173
VHM,2021,4,2740.350701,0.095416518,0.053265724,2.718035013,29.0729212,0.036916569,0.749575982,1.50558084
VHM,2022,1,1042.646495,0.035290872,0.02034943,2.505407581,70.63755582,-0.137432952,0.719404147,1.37072843
VHM,2022,2,153.0587397,0.005634628,0.002705722,2.254352067,405.7265865,-0.929226783,1.463968061,0.847388607
VHM,2022,3,3328.576433,0.108108211,0.044119959,1.640355929,15.23173676,0.301924091,1.437714946,0.646269457
VHM,2022,4,2096.856553,0.063143206,0.025911505,1.450462484,22.89140854,-0.239693413,1.436090475,0.577673669
VHM,2023,1,2736.866384,0.077185802,0.032248679,1.431020833,18.74406449,1.523396608,1.35398365,0.591541936
VHM,2023,2,2224.822785,0.058978432,0.025356993,1.444132685,24.72107009,12.02973174,1.299473719,0.611989581
VHM,2023,3,2456.100003,0.061094589,0.026531269,1.122494391,18.52530432,-0.264259779,1.305811538,0.475071865
VHM,2023,4,246.1037115,0.006257411,0.002639727,1.055311601,175.5357517,-0.875205196,1.43451417,0.423067247
VHM,2024,1,203.1746293,0.004773567,0.001989272,1.089404578,210.9023167,-0.924159411,1.367208197,0.401702466
VHM,2024,2,2501.171761,0.053160937,0.022372865,0.857215628,15.05294462,0.099159127,1.384598502,0.332235922
VHM,2024,3,1806.479362,0.042469437,0.017640338,0.935985542,23.6924932,-0.162578853,1.429479632,0.355198183
VHM,2024,4,2960.371394,0.066279502,0.026581935,0.814808472,13.51181817,11.72541672,1.555944551,0.291197722
VHM,2025,1,654.6589428,0.011942334,0.004711741,1.031177615,78.36141332,1.93289053,1.513489657,0.375260731
VHM,2025,2,1827.924248,0.036243072,0.013536292,1.485239823,41.96016332,-0.232410117,1.836400762,0.481852573
VHM,2025,3,1018.629004,0.019060176,0.006238282,1.955727021,101.1163039,-0.506059941,2.27018943,0.550674159
VIB,2020,1,930.5105539,0.062079461,0.004553439,0.83608164,13.75588912,0.327985366,12.532868,0.061213711
VIB,2020,2,1108.63444,0.069485363,0.00518051,1.066457196,15.69498418,0.267888467,12.30015689,0.079488882
VIB,2020,3,1443.911763,0.08404087,0.006426112,1.559080021,19.18399774,0.523791477,11.87382995,0.120178567
VIB,2020,4,1282.038556,0.082389491,0.00621405,2.015934943,25.27225086,0.522424614,12.61289691,0.146905352
VIB,2021,1,1303.612616,0.077545813,0.00575559,2.799987362,37.12759404,0.681155107,12.34314143,0.208225835
VIB,2021,2,1106.003766,0.085093314,0.006420817,3.686610519,44.71051682,0.676010783,12.16970521,0.277066382
VIB,2021,3,713.4262621,0.051290547,0.003941596,2.501666406,49.54961974,-0.169925626,11.86343243,0.1926204
VIB,2021,4,1376.372304,0.092044555,0.007190966,3.062437194,34.36570168,0.503013476,11.74218608,0.237349267
VIB,2022,1,1173.836542,0.072487311,0.00566748,2.840801521,40.08224171,0.260628456,11.83473138,0.2188867
VIB,2022,2,1041.579058,0.080916391,0.006439052,1.621150055,20.64173607,0.277989873,11.31953388,0.130206889
VIB,2022,3,1059.655392,0.076060116,0.006483668,1.535993332,20.76146658,1.015613874,10.18555155,0.136014661
VIB,2022,4,1051.831123,0.070234714,0.006484967,1.237542414,18.06373627,0.037055194,9.498866315,0.116820045
VIB,2023,1,1022.507313,0.06608595,0.006157055,1.397054337,20.92894567,0.182090091,9.968455699,0.126254889
VIB,2023,2,932.4659872,0.070950382,0.006409479,1.477884675,21.0731547,0.07429117,10.16675183,0.131248497
VIB,2023,3,846.3010974,0.061384281,0.005626927,1.372459075,22.86420289,-0.038731857,9.666528958,0.127691953
VIB,2023,4,750.0131462,0.051437034,0.004790729,1.320617724,26.13287527,-0.141763152,9.80352754,0.121306873
VIB,2024,1,788.843053,0.052416602,0.004858504,1.637589972,31.18491049,-0.071443188,9.773916541,0.150778697
VIB,2024,2,663.4172981,0.043846459,0.00398405,1.400206174,31.65428466,-0.28639671,10.23747742,0.123614027
VIB,2024,3,536.792343,0.040851236,0.003649665,1.45057153,35.95431315,-0.255125639,10.1505845,0.129097574
VIB,2024,4,644.8840464,0.046970674,0.004094019,1.412155357,30.54812739,0.009751193,10.7806273,0.119006026
VIB,2025,1,650.010379,0.045294714,0.003916456,1.364132728,30.53797392,-0.032321029,10.3586221,0.119290743
VIB,2025,2,697.0056771,0.047586685,0.004045189,1.257849069,26.25516635,0.233818114,11.16906977,0.1026881
VIB,2025,3,477.235686,0.036552111,0.003023844,1.506530587,41.69847433,0.01584569,11.00977667,0.124622406
VIC,2020,1,129.623059,0.004164014,0.001229236,4.855519279,643.4040412,-0.499550241,2.38715026,0.682025983
VIC,2020,2,604.8112284,0.007291904,0.002131811,4.918119314,147.1533527,-0.62517037,2.453464382,0.704699355
VIC,2020,3,455.3137039,0.011565322,0.003349389,4.995601648,200.9603472,1.017256522,2.452469417,0.719731999
VIC,2020,4,326.0205851,0.011916425,0.003631074,6.408215444,331.880884,-0.567917248,2.125200017,0.862613196
VIC,2021,1,619.097996,0.006298359,0.002055912,6.694463474,190.4383486,0.717091801,2.003644013,0.949874943
VIC,2021,2,428.6470813,0.004233958,0.00143438,5.912590651,277.6176608,-0.328767811,1.90155248,0.960761703
VIC,2021,3,-92.33013622,0.001665558,0.000603052,4.233323697,-953.1015939,-0.820927192,1.639137805,0.772271371
VIC,2021,4,-1567.331498,-0.05718999,-0.021485851,4.763175101,-60.67637899,-6.963265664,1.685096422,0.846842168
VIC,2022,1,643.3658778,0.003486702,0.001178857,3.880033071,126.2112319,-0.409897222,2.280110115,0.701665286
VIC,2022,2,889.4562967,0.004149418,0.001140076,3.141962537,82.63475144,-0.080528289,3.00592974,0.529955717
VIC,2022,3,248.2425266,0.003760891,0.000933762,2.241568648,221.5575258,0.969712058,3.04860153,0.377569113
VIC,2022,4,521.5072379,0.003465578,0.000834694,2.23774125,103.1625183,NULL,3.256424967,0.355363977
VIC,2023,1,279.5629299,0.004332497,0.001003418,2.493592219,196.7356688,0.150611975,3.37875887,0.351439898
VIC,2023,2,478.2828579,0.00291937,0.000668824,2.288393078,106.6314612,-0.276877434,3.351240059,0.324629731
VIC,2023,3,-175.4190624,0.003985791,0.000926481,1.875159079,-267.0747373,0.120316937,3.255999979,0.285715537
VIC,2023,4,-16.84589469,0.003385702,0.000772857,2.084521084,-2647.529313,0.056728949,3.504440511,0.255423998
VIC,2024,1,2075.097096,0.008726716,0.001961033,1.912631537,22.96278092,1.266109252,3.39896521,0.262551755
VIC,2024,2,-920.2686859,0.004490245,0.001014853,1.721821922,-44.76953376,0.796502281,3.449373864,0.218152985
VIC,2024,3,1384.778155,0.012340364,0.002662402,1.644709396,30.32976789,2.551956042,3.818513226,0.202904703
VIC,2024,4,573.3854749,0.007592253,0.001483363,1.550716143,70.72031256,1.416629809,4.438337995,0.185332002
VIC,2025,1,1825.151857,0.014412863,0.002702939,2.057228375,31.77817767,0.680255656,4.228686703,0.269379795
VIC,2025,2,-246.0753874,0.014528377,0.002578193,3.400766025,-388.4988296,2.196039,5.03833908,0.381474145
VIC,2025,3,164.9756207,0.018873224,0.002957167,6.235352238,1060.156642,0.501474755,5.719234878,0.623875203
VIX,2020,1,-211.6925496,-0.017451935,-0.014225107,0.415956501,-23.61915906,-1.479625517,0.210165827,0.343612865
VIX,2020,2,554.1656919,0.049442851,0.040846778,0.609522984,12.63160117,5.998411421,0.210714227,0.503401436
VIX,2020,3,1170.604394,0.096979869,0.080648619,0.940275532,10.16568882,2.721242123,0.195043298,0.786811136
VIX,2020,4,1039.133264,0.078868839,0.065595497,1.679442141,22.13383096,7.946369162,0.20910502,1.388995748
VIX,2021,1,2495.315131,0.166992424,0.136523881,1.911633466,12.40324303,NULL,0.235074115,1.547788463
VIX,2021,2,844.4009411,0.050829121,0.03939982,1.658375459,33.45567091,0.523733702,0.342369265,1.235409289
VIX,2021,3,537.6398227,0.06563008,0.049907705,2.115641048,33.29366472,-0.012541524,0.289426106,1.64076176
VIX,2021,4,588.3880342,0.053104152,0.041828418,2.408938024,56.08543696,0.217391171,0.257308256,1.915948625
VIX,2022,1,488.1281908,0.06881291,0.051597062,3.073203793,46.19688112,-0.158844966,0.404931513,2.187440288
VIX,2022,2,106.3341451,0.009544582,0.008231358,0.598904509,84.16863646,-0.458508563,0.039049406,0.576396565
VIX,2022,3,151.3233254,0.010893801,0.010508492,0.716195438,64.76199206,-0.403310636,0.034211215,0.692504034
VIX,2022,4,-176.2102578,-0.012961106,-0.012520129,0.481251504,-36.88775036,-1.634893972,0.036244848,0.464392784
VIX,2023,1,17.93171971,0.001326686,0.001300591,0.569340382,429.4066673,-0.961060362,0.003905054,0.567095762
VIX,2023,2,971.524067,0.069340593,0.068733675,0.745033807,11.11655425,8.684666578,0.013424874,0.735130094
VIX,2023,3,342.1892148,0.02332935,0.022990467,1.061505253,46.0271666,1.261311756,0.016025149,1.0446621
VIX,2023,4,285.6407903,0.021894115,0.021409078,1.298204647,59.86539942,NULL,0.029142619,1.259793315
VIX,2024,1,241.9131813,0.018174966,0.016723437,1.531883057,84.94783084,14.51406041,0.143411062,1.338118838
VIX,2024,2,184.9098823,0.013673072,0.011852144,1.206330595,88.69185246,-0.781125863,0.163724019,1.035001229
VIX,2024,3,181.955742,0.021190295,0.018413235,1.099485014,65.95010342,0.332241528,0.143435455,0.960715761
VIX,2024,4,76.92811134,0.007017524,0.005932752,0.896231327,128.04162,-0.413240032,0.221978312,0.73274081
VIX,2025,1,255.2441395,0.022936338,0.018513382,1.089263505,47.99326647,1.298750722,0.255449603,0.866867839
VIX,2025,2,849.9318208,0.076261099,0.057854601,1.102864432,15.00120326,9.514929215,0.376246335,0.800720614
VIX,2025,3,1599.435544,0.129302609,0.087604757,2.74301623,22.57046252,8.229703125,0.563595373,1.753137501
VJC,2020,1,-1826.754354,-0.068076625,-0.020937646,3.828854826,-53.20912459,-1.676402304,2.410361878,1.122363755
VJC,2020,2,1911.944501,0.072152042,0.022228343,3.909650721,56.48699529,0.998759856,2.094851187,1.26289668
VJC,2020,3,-1793.456047,-0.06710128,-0.02120124,4.052855413,-58.32314663,-1.571532634,2.240018147,1.250486018
VJC,2020,4,1837.507196,0.068686899,0.021531462,4.520585505,68.02694447,0.846008128,2.143448951,1.437755855
VJC,2021,1,229.6392408,0.008329733,0.002607553,4.801988836,564.7989408,NULL,2.246699925,1.478952181
VJC,2021,2,-0.545885406,-9.40E-05,-3.05E-05,3.879773009,-222574.1862,-1.001434297,1.936928929,1.319919645
VJC,2021,3,134.6012409,0.004234191,0.001424108,4.095355378,950.2141223,NULL,2.009619255,1.359644472
VJC,2021,4,-187.9692052,-0.005523824,-0.001817559,4.124904542,-682.558613,-1.093861888,2.068763937,1.341875666
VJC,2022,1,451.1767077,0.014380125,0.004325339,4.454216047,311.4079198,0.981545883,2.576947276,1.243276416
VJC,2022,2,-185.8416963,-0.005795287,-0.001605243,4.100081937,-699.5200894,NULL,2.643985723,1.123517528
VJC,2022,3,75.04944283,0.002449761,0.000653822,3.432555264,1477.692516,-0.407288035,2.848384172,0.890240599
VJC,2022,4,-4517.73243,-0.151059381,-0.036152429,3.993841417,-24.23782322,NULL,3.56676185,0.871679705
VJC,2023,1,317.9528432,0.01149709,0.00251583,3.804250928,333.0682592,-0.293143381,3.572983411,0.827933221
VJC,2023,2,-68.4771119,-0.002409868,-0.000514934,3.450934963,-1377.102471,NULL,3.788911464,0.717078712
VJC,2023,3,249.4757313,0.003686874,0.000750696,3.545511042,398.0347085,0.303660909,4.030894166,0.702679113
VJC,2023,4,-73.20171426,0.002586161,0.000482016,3.852198567,-1475.375284,NULL,4.698854084,0.672921954
VJC,2024,1,989.9787549,0.03444422,0.006241727,3.494393806,104.0426368,2.121304101,4.346887865,0.649972689
VJC,2024,2,544.0101647,0.018135128,0.003317652,3.345462343,186.5773961,NULL,4.582255737,0.596204102
VJC,2024,3,1055.34253,0.034337562,0.006137534,3.41739018,99.49376344,9.289888341,4.606959623,0.606498925
VJC,2024,4,1.387929858,-6.91E-05,-1.21E-05,3.178297701,72049.7505,-1.029699633,4.801560909,0.545345562
VJC,2025,1,1182.503275,0.036704487,0.006475476,2.900931308,80.33804386,0.189552136,4.540197583,0.520958863
VJC,2025,2,1102.723792,0.031428279,0.006188568,2.358014517,79.8930799,1.209962304,3.731199781,0.46470519
VJC,2025,3,539.6725167,0.013311021,0.00281676,3.358441067,240.1456365,-0.438855918,3.720261034,0.665398906
VND,2020,1,278.8079956,0.017741621,0.005077091,0.718942856,40.70901903,-0.345675218,2.426314569,0.208939784
VND,2020,2,646.9582925,0.039985273,0.01151326,0.799941186,20.32588523,3.15347463,2.517814927,0.226523158
VND,2020,3,1189.953026,0.070801083,0.019443411,0.791556684,11.34498565,1.226264338,2.760566344,0.209789608
VND,2020,4,1206.511951,0.068111175,0.017720574,1.642219125,24.86506658,0.678862751,2.921216378,0.417707626
VND,2021,1,2330.195491,0.120289719,0.029262401,1.445260183,12.960286,7.596110191,3.271864106,0.337625245
VND,2021,2,2097.276529,0.096481646,0.021572309,1.975706282,21.17031273,2.334927854,3.658870654,0.422884576
VND,2021,3,1388.340388,0.089052712,0.023312521,2.564949035,36.73450722,1.400508089,2.345214524,0.765648236
VND,2021,4,1925.599767,0.091207454,0.025506214,3.640948632,42.58413477,2.32903501,2.776517107,0.961467281
VND,2022,1,1749.074536,0.075397762,0.01906986,1.283224376,17.43779317,0.521914592,3.121866226,0.310742777
VND,2022,2,374.0692309,0.036575936,0.010449912,1.458008875,46.51545373,0.012576915,2.057635272,0.476210495
VND,2022,3,34.7660019,0.002905101,0.000977646,1.461903029,503.3653294,-0.928918151,1.885665796,0.506025657
VND,2022,4,-31.49869903,-0.00263553,-0.000947306,1.134810207,-428.5891296,-1.045801192,1.678022123,0.422956838
VND,2023,1,111.4091194,0.009304052,0.003575346,1.290876669,139.1268514,-0.821653469,1.527238893,0.509824987
VND,2023,2,352.2300157,0.028856579,0.010849317,1.528838094,53.65811872,-0.058393321,1.788508053,0.547370924
VND,2023,3,524.8685491,0.041508222,0.015286543,1.630729697,40.01001782,14.09708131,1.645154859,0.615078625
VND,2023,4,672.0279201,0.050791773,0.019645131,1.646804088,33.10874345,NULL,1.528625304,0.649153626
VND,2024,1,506.6905355,0.036694637,0.014853198,1.636762592,45.29391886,3.548101392,1.414444198,0.675973082
VND,2024,2,226.5568475,0.020046329,0.007974225,1.418301944,70.84314677,-0.195978846,1.612420697,0.541108191
VND,2024,3,331.8322747,0.027492632,0.011422249,1.195797555,45.95695224,-0.209713217,1.224463725,0.53618941
VND,2024,4,165.0918367,0.012829345,0.005738461,0.975042572,76.32115709,-0.692923318,1.246747265,0.433030264
VND,2025,1,251.284246,0.019216496,0.008105719,1.161012955,60.8872233,-0.380086596,1.492359131,0.464982771
VND,2025,2,242.0742255,0.018550947,0.007519917,1.336553034,71.05258713,0.068492205,1.440853762,0.546418496
VND,2025,3,610.293058,0.046229655,0.017869916,1.665386146,36.78560604,0.83916124,1.726562641,0.609619302
VNM,2020,1,1587.490014,0.089606173,0.061180928,5.489731541,57.32319525,-0.007354858,0.428786063,3.43999931
VNM,2020,2,1763.64219,0.095493753,0.064483088,6.76554362,63.90185075,0.06225924,0.532861626,3.957678215
VNM,2020,3,1472.347556,0.097995686,0.062767739,8.059866526,73.96351461,0.172388647,0.590218935,4.516114012
VNM,2020,4,1045.558181,0.068449054,0.045253632,7.5391914,104.0592499,0.027452512,0.439424161,4.694930948
VNM,2021,1,1232.522246,0.076819787,0.05220823,6.809513996,79.8362872,-0.064776868,0.503100345,4.028339627
VNM,2021,2,1356.387309,0.083766409,0.054991888,6.193916923,66.64763035,-0.07206731,0.543159075,3.561618018
VNM,2021,3,1399.91836,0.086760836,0.056333392,5.600828214,57.42477728,-0.056545432,0.537059355,3.226786034
VNM,2021,4,1050.742247,0.063466636,0.04198488,5.063427381,73.77641873,-0.010543661,0.487649469,3.037803205
VNM,2022,1,1084.003056,0.064475529,0.042948539,4.955772437,68.08098887,-0.120765143,0.515144458,2.910409934
VNM,2022,2,996.6629342,0.058560818,0.039354401,4.161604469,66.07048154,-0.26552446,0.46228726,2.556055053
VNM,2022,3,1099.73584,0.065743305,0.04422746,4.740642114,62.04217187,-0.215438352,0.512803463,2.785115801
VNM,2022,4,894.337521,0.056078494,0.037501473,5.304295209,81.74766046,-0.155240003,0.477385983,3.151572732
VNM,2023,1,888.4080575,0.056626127,0.039003092,4.901736296,80.44726676,-0.165149492,0.427541659,3.031965209
VNM,2023,2,1052.085196,0.062642946,0.044479269,4.392535089,64.82364759,0.060359119,0.390308583,2.796514973
VNM,2023,3,1192.491458,0.071699767,0.047826219,5.192758679,61.76144871,0.090574156,0.616543615,2.800298317
VNM,2023,4,1112.949066,0.068107956,0.043676846,4.602633855,60.73952715,0.257652548,0.503847326,2.682208963
VNM,2024,1,1050.102274,0.062262084,0.042308861,4.588496718,64.37468203,0.157776102,0.440126556,2.735148184
VNM,2024,2,1277.766482,0.072662593,0.0509404,4.111828373,51.26132271,0.209409721,0.413603616,2.525965926
VNM,2024,3,1150.033658,0.065319293,0.042962918,4.828579915,60.95473774,-0.051361134,0.636494972,2.540105635
VNM,2024,4,1016.12179,0.060118484,0.038088616,4.240311152,62.39409547,-0.086745935,0.521768356,2.407001528
VNM,2025,1,750.4859455,0.043017348,0.028843034,3.875478533,80.74768137,-0.280795093,0.462258143,2.302173681
VNM,2025,2,1184.037346,0.067892518,0.045125381,3.947139761,48.9849414,-0.076922558,0.549095719,2.192684163
VNM,2025,3,1209.004989,0.068184079,0.045250934,3.794513355,49.62758679,0.044682834,0.467028095,2.252195258
VPB,2020,1,949.234561,0.05335875,0.006007155,0.939565244,17.85649269,0.627414754,7.831443933,0.105083675
VPB,2020,2,1210.552345,0.064153701,0.007445663,1.063777277,16.89311502,0.440037125,7.414433657,0.124794236
VPB,2020,3,923.6039418,0.046326957,0.005536293,1.178452829,25.71448532,-0.013619545,7.323407427,0.139883157
VPB,2020,4,1180.254987,0.056520393,0.006956812,1.530015042,27.53642252,0.155882145,6.937085269,0.190392056
VPB,2021,1,1304.333285,0.058862853,0.00748727,1.97976043,34.23204829,0.383671961,6.790673369,0.251247516
VPB,2021,2,1636.16078,0.069243467,0.009045779,2.797807128,41.37735169,0.361007475,6.527985813,0.367858764
VPB,2021,3,482.8137301,0.035326516,0.004640942,4.780466574,136.4915616,-0.04028134,6.692758867,0.61517325
VPB,2021,4,523.3446381,0.028239138,0.004086662,2.061643276,68.40616564,-0.275798703,5.34470556,0.29269124
VPB,2022,1,1937.566208,0.098267741,0.016047075,1.926767614,19.19934392,1.78493196,4.923442495,0.295230746
VPB,2022,2,783.8737261,0.034317311,0.005671521,1.443472,36.99575459,-0.17236689,5.173888856,0.213371746
VPB,2022,3,555.6040006,0.035267347,0.00588357,1.286553528,32.39717493,0.639391527,4.821272643,0.202781158
VPB,2022,4,336.4046437,0.010933978,0.001834649,1.249148134,53.20972922,-0.463591966,5.096629763,0.190434069
VPB,2023,1,377.7561355,0.01581709,0.002521279,1.431092356,55.72378057,-0.814988029,5.447563803,0.208541905
VPB,2023,2,456.0852016,0.023062293,0.003460217,1.308695481,43.52256976,-0.262281687,5.877420699,0.1801351
VPB,2023,3,361.190573,0.022317789,0.003194366,1.397240142,60.07908739,-0.314685682,6.09338803,0.186713855
VPB,2023,4,245.9622878,0.015729741,0.002459091,1.136755769,78.06074733,0.745517242,4.848305304,0.186322769
VPB,2024,1,449.5502074,0.022225094,0.003831719,1.139047187,43.93280145,0.904495857,4.75333624,0.190541443
VPB,2024,2,449.5689875,0.025914536,0.004317343,1.11528011,41.48417822,0.484836053,5.260287063,0.171181024
VPB,2024,3,507.6721434,0.029711237,0.004832953,1.166162557,39.59248161,0.715326332,5.038282866,0.185673216
VPB,2024,4,581.9844294,0.03481353,0.005653706,1.077931777,32.99057334,1.565238837,5.272931546,0.164887939
VPB,2025,1,490.9183899,0.026365856,0.004103432,1.037774588,38.70297057,0.252419011,5.573735534,0.151648884
VPB,2025,2,612.861964,0.032548189,0.004705166,1.004108468,30.18624272,0.356022434,6.259160331,0.132864241
VPB,2025,3,917.0089562,0.047244634,0.006450882,1.607675371,33.91460878,0.768318261,6.385354906,0.209407896
VPI,2020,1,19.33207769,0.000861004,0.000256053,2.653804024,2120.827396,0.090567346,2.411519029,0.713904794
VPI,2020,2,126.4132687,0.009715132,0.002834603,2.72505084,335.803357,0.418643198,2.443114844,0.730803209
VPI,2020,3,428.4472748,0.023947681,0.007131255,2.57386315,96.16119048,2.091123371,2.281470884,0.671315153
VPI,2020,4,1350.14583,0.072335321,0.022122194,1.933135356,24.70103544,-0.554054365,2.258032815,0.552559653
VPI,2021,1,34.84129657,0.002077822,0.000635202,2.622957689,1038.996925,1.649641783,2.284204581,0.74365885
VPI,2021,2,142.8026871,0.010172034,0.003081568,2.569449664,250.3454292,0.155492808,2.317524044,0.721529655
VPI,2021,3,352.6435303,0.023346487,0.007170338,2.979123333,120.5183035,0.035343165,2.195858781,0.869869006
VPI,2021,4,1135.463927,0.076369493,0.025181313,3.763711481,48.35028108,0.14816831,1.886997769,1.223214949
VPI,2022,1,292.2019153,0.019485664,0.006464315,4.411300236,209.4442124,9.504159603,2.149595661,1.327497586
VPI,2022,2,958.8993526,0.062326369,0.020165964,4.247737326,65.70032593,5.981005142,2.037378111,1.281615761
VPI,2022,3,338.5568958,0.022782566,0.007557044,4.333913747,176.9274256,0.162855474,1.992623387,1.329806855
VPI,2022,4,754.2055636,0.036289974,0.012210493,3.710016796,71.33333749,-0.457065758,1.952076704,1.173358932
VPI,2023,1,1329.785972,0.080422341,0.026982718,3.768881584,42.03683989,3.711414491,2.008481855,1.176639245
VPI,2023,2,445.6751878,0.026103108,0.008984225,3.402358573,116.0037656,-0.521731691,1.805027856,1.137334075
VPI,2023,3,163.0190867,0.008230849,0.002970641,3.451063962,325.1153043,-0.604968883,1.736716938,1.185239301
VPI,2023,4,112.0396677,0.003147653,0.001067643,3.565731944,490.8975646,-0.907174846,2.159069471,1.06217618
VPI,2024,1,380.2855526,0.017457069,0.005711094,3.695702257,153.5688106,-0.770822681,1.956091299,1.184421678
VPI,2024,2,101.4984141,0.006379475,0.002177093,3.671875623,574.3932114,-0.744383246,1.90461644,1.195695313
VPI,2024,3,378.6742248,0.026701635,0.00952508,4.290639781,154.2222739,2.392442676,1.704684232,1.502328408
VPI,2024,4,318.4395798,0.021248643,0.008761912,3.943404778,187.7907264,6.881677611,1.195154056,1.71826829
VPI,2025,1,439.8905049,0.027615171,0.011953033,3.710167906,131.623664,1.035643895,1.422142809,1.464341601
VPI,2025,2,12.19923292,0.000324915,0.000131531,3.41255321,4369.127169,-0.934279763,1.518376471,1.296187432
VPI,2025,3,369.1981341,0.022507024,0.008761116,3.527619404,152.7635023,0.082499133,1.61837288,1.288269653
VRE,2020,1,216.5563469,0.018096924,0.013533434,1.589075813,88.42964096,-0.194677552,0.345040432,1.178767704
VRE,2020,2,150.9941577,0.012425854,0.009069356,2.032449766,164.2447653,-0.4640481,0.394834637,1.453875432
VRE,2020,3,251.8419409,0.020387909,0.014520333,2.215967137,109.592548,-0.201464553,0.413165968,1.564802349
VRE,2020,4,428.8127032,0.033781638,0.024409955,2.436722028,73.22544263,0.107154716,0.355662794,1.79410954
VRE,2021,1,343.6732267,0.026277564,0.019638976,2.471527782,95.14852325,0.58703732,0.320856994,1.867884888
VRE,2021,2,170.5354983,0.012788419,0.009978318,2.369036553,186.1782462,0.129552665,0.242883042,1.902907191
VRE,2021,3,10.67261547,0.000798741,0.00064433,2.169438605,2726.604373,-0.957415571,0.236410644,1.751812034
VRE,2021,4,53.60736394,0.003984159,0.003223362,2.23491857,561.4900227,-0.874942409,0.235643186,1.805927781
VRE,2022,1,166.1012816,0.01224389,0.009988811,2.453483088,201.3831542,-0.516605922,0.215998162,2.014524925
VRE,2022,2,340.1693163,0.024610414,0.02023856,2.043227003,83.9287926,0.99453705,0.216033445,1.677572616
VRE,2022,3,349.1592536,0.024647108,0.020188047,1.954861654,80.19263333,31.55899423,0.225600892,1.592554177
VRE,2022,4,366.2550091,0.025226983,0.020151095,1.79026161,71.80789162,5.832984615,0.27753131,1.399542189
VRE,2023,1,450.573298,0.030177106,0.023551296,1.955008622,65.69408381,1.711915084,0.285026916,1.519706095
VRE,2023,2,440.3383767,0.028635818,0.022624481,1.720379757,60.8622855,0.294213437,0.246919792,1.377968108
VRE,2023,3,579.4394809,0.036472257,0.029621549,1.615309608,45.04353062,0.65907702,0.216189582,1.326602083
VRE,2023,4,469.7818736,0.028624841,0.023116247,1.401494914,49.59748622,0.281877349,0.259785766,1.111036174
VRE,2024,1,476.4195877,0.028215648,0.02239739,1.51057531,54.25889419,0.057192745,0.259762471,1.198367823
VRE,2024,2,449.5276698,0.025912604,0.020158344,1.164356503,45.49219408,0.020854425,0.310486398,0.888024017
VRE,2024,3,398.8877597,0.022444572,0.017182395,1.063273973,47.8831439,-0.311604522,0.302115492,0.816198743
VRE,2024,4,477.6324459,0.026228459,0.0200244,0.929999693,35.90627092,0.016696815,0.317334826,0.705648632
VRE,2025,1,518.1483347,0.027696092,0.021181373,1.010016105,36.95852851,0.087588227,0.29806857,0.77779056
VRE,2025,2,542.7320373,0.028169876,0.02160042,1.263851962,45.41836175,0.207338444,0.310017155,0.961727309
VRE,2025,3,605.7381721,0.030530184,0.02303525,1.596181113,52.99319323,0.518567961,0.340298787,1.190594736
VSC,2020,1,1037.137713,0.034038553,0.029908473,0.634856761,19.76593825,0.417312581,0.120671131,0.470799514
VSC,2020,2,1017.439557,0.032095628,0.028478809,0.814853458,26.34063106,0.26462078,0.133201944,0.596403115
VSC,2020,3,1168.964174,0.035893377,0.031660298,1.121511808,31.13867884,-0.000135281,0.134206489,0.813033473
VSC,2020,4,1154.922765,0.035597248,0.031409848,1.6974099,47.708818,-0.24164198,0.132421111,1.235593022
VSC,2021,1,1151.140343,0.034807545,0.030867867,1.581385038,46.99687606,0.07211109,0.122998409,1.182806493
VSC,2021,2,1560.414223,0.046077474,0.041123166,1.753039336,38.45132856,0.494425604,0.117967656,1.30916887
VSC,2021,3,1975.501649,0.054751897,0.048982426,1.685311972,30.87823289,0.619294446,0.11761391,1.26922928
VSC,2021,4,830.6907016,0.039656155,0.035975284,1.833153415,52.36606106,0.375450131,0.090213965,1.468177019
VSC,2022,1,817.6609512,0.035889053,0.033182025,1.861567173,56.31918698,0.425121493,0.073257139,1.522321877
VSC,2022,2,772.3334683,0.036100109,0.03298698,1.81872433,53.92748302,0.091523736,0.115081518,1.429421214
VSC,2022,3,663.5576937,0.031230192,0.028276784,1.48970148,53.27343852,-0.206870828,0.094138258,1.198407128
VSC,2022,4,412.4687262,0.021574079,0.017572686,1.320523466,73.58133617,-0.344054941,0.364116535,0.842840867
VSC,2023,1,238.1979456,0.013722262,0.00974834,1.361687581,123.8465761,-0.60892913,0.453473373,0.809273372
VSC,2023,2,164.468441,0.011030634,0.007170485,1.53935096,216.1508906,-0.697402035,0.61965853,0.838616438
VSC,2023,3,268.2609,0.015681156,0.009727258,1.221470343,106.9854011,-0.501122378,0.604623822,0.673032205
VSC,2023,4,316.8050436,0.022021439,0.013849819,1.345419372,91.53894671,0.028066296,0.57572625,0.745237695
VSC,2024,1,167.9343068,0.021100458,0.013294005,2.135619216,137.8515232,0.633382663,0.598559469,1.157880307
VSC,2024,2,254.8781299,0.022907942,0.015486023,1.367843072,86.31576201,1.67048393,0.393762304,0.904567923
VSC,2024,3,187.8731283,0.016897401,0.011331029,2.89467779,94.47865248,0.558935263,0.589939989,0.696220752
VSC,2024,4,590.9263996,0.041042895,0.025796004,2.016390963,26.90690416,1.715397413,0.592104853,0.584989559
VSC,2025,1,269.257154,0.022195583,0.013894266,2.106768088,65.55071884,0.589568243,0.602583404,0.643692091
VSC,2025,2,310.4777899,0.029174824,0.017508498,2.456896668,51.69451897,0.624495956,0.730746418,0.68473892
VSC,2025,3,211.074543,0.020654202,0.011281577,3.488333752,139.7610511,0.450208134,0.916625066,0.97508006
VTP,2020,1,1626.08582,0.095401947,0.02736064,6.109331395,64.57223766,0.261910585,2.442636468,1.705538576
VTP,2020,2,1726.985766,0.097143445,0.02736355,7.935441498,78.05507299,0.171001773,2.658850134,2.084714274
VTP,2020,3,1285.725164,0.097127935,0.02769593,8.382392136,86.72148848,0.051859316,2.367158603,2.401658515
VTP,2020,4,929.2024167,0.065559713,0.018778623,7.671231,116.7668078,-0.310343231,2.608651441,2.065187698
VTP,2021,1,1307.389156,0.085955869,0.024439832,5.824604173,68.83948792,0.119963849,2.432951239,1.652868487
VTP,2021,2,1279.233882,0.082416488,0.022520473,5.574887941,64.41355345,0.031819626,2.896441033,1.392938603
VTP,2021,3,306.3967679,0.02490774,0.0064965,5.386179284,212.8612532,-0.702838212,2.772876446,1.390991368
VTP,2021,4,481.7636909,0.038169948,0.009688983,4.823964306,124.3970875,-0.35348194,3.1011182,1.140258836
VTP,2022,1,998.2977519,0.075336787,0.018520293,4.871965852,64.93052787,-0.047835158,3.036596036,1.173263925
VTP,2022,2,939.4155274,0.066586475,0.01741607,3.166937129,47.73180631,-0.084275767,2.622336814,0.851960069
VTP,2022,3,496.7740845,0.036756808,0.010588967,3.243056679,87.52469455,0.772562618,2.325084305,0.951690321
VTP,2022,4,-2.351359387,-0.000180764,-4.88E-05,2.021223804,-10274.90741,-1.00533595,3.123677335,0.477272052
VTP,2023,1,668.9785361,0.053276549,0.01379736,1.958567743,36.6678431,-0.267379739,2.610523481,0.529223362
VTP,2023,2,862.8758702,0.065182672,0.018143601,2.701419281,41.7441271,0.004193543,2.575724965,0.738639449
VTP,2023,3,905.6023035,0.067473394,0.017878383,3.571834694,50.90534755,0.822966076,2.978812284,0.877399603
VTP,2023,4,853.5836062,0.067558754,0.01678364,4.482589944,66.66013685,NULL,3.069204797,1.07657503
VTP,2024,1,480.1818931,0.036386649,0.00904586,6.699793153,183.0556322,-0.228183873,2.977175426,1.648743862
VTP,2024,2,715.0563039,0.05391409,0.012851779,6.472875334,116.0747756,-0.10892929,3.417674957,1.431921087
VTP,2024,3,878.3745455,0.069180813,0.016412811,6.575765153,89.4834674,0.04294757,2.998418627,1.60175582
VTP,2024,4,1073.144905,0.084764582,0.021178491,10.85886311,127.5689792,0.257222956,3.006125678,2.619005104
VTP,2025,1,569.5732364,0.042938441,0.010603023,10.62158422,243.6912255,0.18616142,3.091756398,2.516122458
VTP,2025,2,796.6281963,0.058469324,0.014640776,8.867797262,148.1243076,0.11407758,2.897470724,2.199073054
VTP,2025,3,700.9725059,0.049843626,0.012895489,7.094912556,140.0910865,-0.20196628,2.834255891,1.783607668
